-- MySQL dump 10.13  Distrib 8.0.25, for Linux (x86_64)
--
-- Host: 127.0.0.1    Database: LLPWebDatabase
-- ------------------------------------------------------
-- Server version	8.0.25-0ubuntu0.20.04.1

/*!40101 SET @OLD_CHARACTER_SET_CLIENT=@@CHARACTER_SET_CLIENT */;
/*!40101 SET @OLD_CHARACTER_SET_RESULTS=@@CHARACTER_SET_RESULTS */;
/*!40101 SET @OLD_COLLATION_CONNECTION=@@COLLATION_CONNECTION */;
/*!50503 SET NAMES utf8mb4 */;
/*!40103 SET @OLD_TIME_ZONE=@@TIME_ZONE */;
/*!40103 SET TIME_ZONE='+00:00' */;
/*!40014 SET @OLD_UNIQUE_CHECKS=@@UNIQUE_CHECKS, UNIQUE_CHECKS=0 */;
/*!40014 SET @OLD_FOREIGN_KEY_CHECKS=@@FOREIGN_KEY_CHECKS, FOREIGN_KEY_CHECKS=0 */;
/*!40101 SET @OLD_SQL_MODE=@@SQL_MODE, SQL_MODE='NO_AUTO_VALUE_ON_ZERO' */;
/*!40111 SET @OLD_SQL_NOTES=@@SQL_NOTES, SQL_NOTES=0 */;

--
-- Table structure for table `articles`
--

DROP TABLE IF EXISTS `articles`;
/*!40101 SET @saved_cs_client     = @@character_set_client */;
/*!50503 SET character_set_client = utf8mb4 */;
CREATE TABLE `articles` (
  `article_id` int NOT NULL AUTO_INCREMENT,
  `article_title` varchar(100) NOT NULL,
  `article_abstract` text,
  `category_id` int NOT NULL,
  `writer_id` int NOT NULL,
  `url` char(255) DEFAULT NULL,
  `article_content` mediumtext,
  `small_avatar_url` char(255) DEFAULT NULL,
  `big_avatar_url` char(255) DEFAULT NULL,
  `is_premium` tinyint(1) DEFAULT NULL,
  PRIMARY KEY (`article_id`),
  KEY `category_id` (`category_id`),
  KEY `writer_id` (`writer_id`),
  CONSTRAINT `articles_ibfk_1` FOREIGN KEY (`category_id`) REFERENCES `categories` (`category_id`),
  CONSTRAINT `articles_ibfk_2` FOREIGN KEY (`writer_id`) REFERENCES `writer` (`writer_id`)
) ENGINE=InnoDB AUTO_INCREMENT=348 DEFAULT CHARSET=utf8mb4 COLLATE=utf8mb4_0900_ai_ci;
/*!40101 SET character_set_client = @saved_cs_client */;

--
-- Dumping data for table `articles`
--

LOCK TABLES `articles` WRITE;
/*!40000 ALTER TABLE `articles` DISABLE KEYS */;
INSERT INTO `articles` VALUES (1,'Thượng tướng Nguyễn Tân Cương giữ chức Tổng tham mưu trưởng Quân đội nhân dân Việt Nam','Ngày 3.6, tại Phủ chủ tịch, Chủ tịch nước Nguyễn Xuân Phúc, Chủ tịch Hội đồng Quốc phòng và an ninh, Thống lĩnh các lực lượng vũ trang nhân dân, chủ trì lễ trao quyết định bổ nhiệm Tổng tham mưu trưởng QĐND Việt Nam.',16,1,'https://thanhnien.vn/thoi-su/thuong-tuong-nguyen-tan-cuong-giu-chuc-tong-tham-muu-truong-quan-doi-nhan-dan-viet-nam-1393546.html','https://thanhnien.vn/thoi-su/thuong-tuong-nguyen-tan-cuong-giu-chuc-tong-tham-muu-truong-quan-doi-nhan-dan-viet-nam-1393546.html',NULL,NULL,0),(2,'Các địa phương tiếp tục công bố kết quả bầu cử HĐND nhiệm kỳ 2021 - 2026','Các địa phương tiếp tục công bố kết quả bầu cử HĐND nhiệm kỳ 2021 - 2026.',16,2,'https://thanhnien.vn/thoi-su/cac-dia-phuong-tiep-tuc-cong-bo-ket-qua-bau-cu-hdnd-nhiem-ky-2021-2026-1392314.html','https://thanhnien.vn/thoi-su/cac-dia-phuong-tiep-tuc-cong-bo-ket-qua-bau-cu-hdnd-nhiem-ky-2021-2026-1392314.html',NULL,NULL,0),(3,'Thủ tướng Phạm Minh Chính đưa ra 6 giải pháp  phục hồi xanh hậu Covid-19','Thủ tướng Phạm Minh Chính đề nghị cộng đồng quốc tế cần đồng lòng chung sức giải quyết hài hòa giữa nhu cầu cấp bách phục hồi kinh tế với yêu cầu phát triển xanh và phát triển bền vững hơn thời kỳ hậu Covid-19.',16,3,'https://thanhnien.vn/thoi-su/thu-tuong-pham-minh-chinh-dua-ra-6-giai-phap-phuc-hoi-xanh-hau-covid-19-1391852.html','https://thanhnien.vn/thoi-su/thu-tuong-pham-minh-chinh-dua-ra-6-giai-phap-phuc-hoi-xanh-hau-covid-19-1391852.html',NULL,NULL,0),(4,'Các địa phương công bố kết quả bầu cử HĐND nhiệm kỳ 2021 - 2026','Các địa phương trong cả nước bắt đầu công bố kết quả bầu cử HĐND nhiệm kỳ 2021 - 2026.',16,4,'https://thanhnien.vn/thoi-su/cac-dia-phuong-cong-bo-ket-qua-bau-cu-hdnd-nhiem-ky-2021-2026-1391470.html','https://thanhnien.vn/thoi-su/cac-dia-phuong-cong-bo-ket-qua-bau-cu-hdnd-nhiem-ky-2021-2026-1391470.html',NULL,NULL,0),(5,'Nhân sự Quảng Ngãi: Bổ nhiệm 5 giám đốc sở','Nhân sự Quảng Ngãi: Chiều 31.5, Chủ tịch UBND tỉnh Quảng Ngãi công bố và trao quyết định bổ nhiệm 5 giám đốc sở của tỉnh Quảng Ngãi.',16,5,'https://thanhnien.vn/thoi-su/nhan-su-quang-ngai-bo-nhiem-5-giam-doc-so-1391645.html','https://thanhnien.vn/thoi-su/nhan-su-quang-ngai-bo-nhiem-5-giam-doc-so-1391645.html',NULL,NULL,0),(6,'Huyện đảo Hoàng Sa có đại diện trúng cử đại biểu HĐND TP.Đà Nẵng','Chánh văn phòng UBND huyện đảo Hoàng Sa (Đà Nẵng) đã được cử tri tín nhiệm, bầu làm đại biểu HĐND TP.Đà Nẵng khóa 10 (nhiệm kỳ 2021-2026).',16,6,'https://thanhnien.vn/thoi-su/huyen-dao-hoang-sa-co-dai-dien-trung-cu-dai-bieu-hdnd-tpda-nang-1391411.html','https://thanhnien.vn/thoi-su/huyen-dao-hoang-sa-co-dai-dien-trung-cu-dai-bieu-hdnd-tpda-nang-1391411.html',NULL,NULL,0),(7,'Chủ tịch nước Nguyễn Xuân Phúc gửi thư đến Tổng thống Joe Biden','Chủ tịch nước Nguyễn Xuân Phúc khẳng định Việt Nam luôn coi trọng quan hệ Đối tác toàn diện với Mỹ.',16,3,'https://thanhnien.vn/thoi-su/chu-tich-nuoc-nguyen-xuan-phuc-gui-thu-den-tong-thong-joe-biden-1391245.html','https://thanhnien.vn/thoi-su/chu-tich-nuoc-nguyen-xuan-phuc-gui-thu-den-tong-thong-joe-biden-1391245.html',NULL,NULL,0),(8,'Những đại biểu nào trúng cử HĐND tỉnh Quảng Nam khóa X?','Sáng 28.5, UBND tỉnh Quảng Nam tổ chức họp báo thông tin về cuộc bầu cử đại biểu Quốc hội khóa XV và kết quả bầu cử đại biểu HĐND tỉnh Quảng Nam khóa X (nhiệm kỳ 2021-2026).',16,7,'https://thanhnien.vn/thoi-su/nhung-dai-bieu-nao-trung-cu-hdnd-tinh-quang-nam-khoa-x-1390005.html','https://thanhnien.vn/thoi-su/nhung-dai-bieu-nao-trung-cu-hdnd-tinh-quang-nam-khoa-x-1390005.html',NULL,NULL,0),(9,'Yêu cầu các bên liên quan tôn trọng chủ quyền của Việt Nam ở Biển Đông','Mọi hoạt động xâm phạm chủ quyền cũng như các quyền liên quan của Việt Nam đối với quần đảo Trường Sa là bất hợp pháp và vô giá trị.',16,3,'https://thanhnien.vn/thoi-su/yeu-cau-cac-ben-lien-quan-ton-trong-chu-quyen-cua-viet-nam-o-bien-dong-1389852.html','https://thanhnien.vn/thoi-su/yeu-cau-cac-ben-lien-quan-ton-trong-chu-quyen-cua-viet-nam-o-bien-dong-1389852.html',NULL,NULL,0),(10,'Đã bầu đủ 500 đại biểu Quốc hội khóa XV','“Địa phương có tỷ lệ cử tri đi bầu thấp nhất cũng trên 98%. Đặc biệt là đã bầu đủ 500 đại biểu quốc hội. Hiện nay đang phân tích xem chất lượng đại biểu thế nào”, Chủ tịch Quốc hội Vương Đình Huệ thông tin.',16,1,'https://thanhnien.vn/thoi-su/da-bau-du-500-dai-bieu-quoc-hoi-khoa-xv-1389850.html','https://thanhnien.vn/thoi-su/da-bau-du-500-dai-bieu-quoc-hoi-khoa-xv-1389850.html',NULL,NULL,0),(11,'Mốc son rực rỡ trong lịch sử đấu tranh giải phóng dân tộc','Hành trình của Chủ tịch Hồ Chí Minh đã mở ra những mốc son rực rỡ nhất trong lịch sử đấu tranh giải phóng dân tộc của Việt Nam.',16,1,'https://thanhnien.vn/thoi-su/moc-son-ruc-ro-trong-lich-su-dau-tranh-giai-phong-dan-toc-1389367.html','https://thanhnien.vn/thoi-su/moc-son-ruc-ro-trong-lich-su-dau-tranh-giai-phong-dan-toc-1389367.html',NULL,NULL,0),(12,'Thường vụ Quốc hội cho ý kiến về báo cáo tiết kiệm, chống lãng phí 2020 của Chính phủ','Sáng nay (27.5), Ủy ban Thường vụ Quốc hội (QH) khai mạc phiên họp 56 để nghe Hội đồng Bầu cử quốc gia báo cáo sơ bộ về kết quả bầu cử đại biểu QH khóa XV và HĐND các cấp nhiệm kỳ 2021 - 2026.',16,1,'https://thanhnien.vn/thoi-su/thuong-vu-quoc-hoi-cho-y-kien-ve-bao-cao-tiet-kiem-chong-lang-phi-2020-cua-chinh-phu-1389362.html','https://thanhnien.vn/thoi-su/thuong-vu-quoc-hoi-cho-y-kien-ve-bao-cao-tiet-kiem-chong-lang-phi-2020-cua-chinh-phu-1389362.html',NULL,NULL,0),(13,'Niềm tin gửi vào lá phiếu','Cử tri Đà Nẵng bày tỏ sự tin tưởng với sự lựa chọn của mình sẽ bầu ra những đại biểu có thể nói lên tiếng nói của nhân dân, giải quyết được những vấn đề dân sinh còn đang bức xúc.',16,6,'https://thanhnien.vn/thoi-su/niem-tin-gui-vao-la-phieu-1388003.html','https://thanhnien.vn/thoi-su/niem-tin-gui-vao-la-phieu-1388003.html',NULL,NULL,0),(14,'Khởi tố nguyên phó tổng cục trưởng Tổng cục tình báo tội nhận hối lộ','Cơ quan tố tụng đã thực hiện tống đạt quyết định khởi tố và lệnh bắt tạm giam đối vối ông Nguyễn Duy Linh, nguyên Phó tổng cục trưởng Tổng cục tình báo, về tội \'\'nhận hối lộ\'\'.',17,8,'https://thanhnien.vn/thoi-su/khoi-to-nguyen-pho-tong-cuc-truong-tong-cuc-tinh-bao-toi-nhan-hoi-lo-1399905.html','https://thanhnien.vn/thoi-su/khoi-to-nguyen-pho-tong-cuc-truong-tong-cuc-tinh-bao-toi-nhan-hoi-lo-1399905.html',NULL,NULL,0),(15,'Bộ Công an đánh sập đường dây cá độ bóng đá mùa EURO qua web bong88.com','Chỉ tính riêng từ đầu năm 2020 đến nay, số tiền giao dịch đánh bạc thông qua web bong88.com đã lên đến trên 1.500 tỉ đồng.',17,8,'https://thanhnien.vn/thoi-su/bo-cong-an-danh-sap-duong-day-ca-do-bong-da-mua-euro-qua-web-bong88com-1399883.html','https://thanhnien.vn/thoi-su/bo-cong-an-danh-sap-duong-day-ca-do-bong-da-mua-euro-qua-web-bong88com-1399883.html',NULL,NULL,0),(16,'TP.HCM: TAND Q.7 sẽ sớm xét xử ‘vụ kiện dân sự 2.100 tỉ đồng’','Liên quan đến vụ án \"Tranh chấp hợp đồng chuyển nhượng quyền sử dụng đất\" tại Q.7, Quận ủy Q.7 vừa có kiến nghị Ban Cán sự Ðảng TAND TP.HCM có hướng chỉ đạo xử lý dứt điểm vụ việc.',17,9,'https://thanhnien.vn/thoi-su/tphcm-tand-q7-se-som-xet-xu-vu-kien-dan-su-2100-ti-dong-1399874.html','https://thanhnien.vn/thoi-su/tphcm-tand-q7-se-som-xet-xu-vu-kien-dan-su-2100-ti-dong-1399874.html',NULL,NULL,0),(17,'Phá đường dây cá độ bóng đá ‘khủng’ trong mùa Euro ở Nghệ An','Đường dây cá độ bóng đá vừa bị bóc gỡ có nhiều nghi can tham gia, với số tiền giao dịch khoảng 1.000 tỉ đồng.',17,10,'https://thanhnien.vn/thoi-su/pha-duong-day-ca-do-bong-da-khung-trong-mua-euro-o-nghe-an-1399836.html','https://thanhnien.vn/thoi-su/pha-duong-day-ca-do-bong-da-khung-trong-mua-euro-o-nghe-an-1399836.html',NULL,NULL,0),(18,'Tây Ninh: Cá độ bóng đá nợ nần rồi đi cướp giật 10 vụ','Bước đầu, Nguyễn Minh Trường (22 tuổi, ngụ ấp Voi, xã An Thạnh, H.Bến Cầu, tỉnh Tây Ninh) khai nhận đã gây ra khoảng 10 vụ cướp giật tài sản, điện thoại trên địa bàn TX.Hòa Thành và TP.Tây Ninh vì nợ do cá độ bóng đá.',17,4,'https://thanhnien.vn/thoi-su/tay-ninh-ca-do-bong-da-no-nan-roi-di-cuop-giat-10-vu-1399834.html','https://thanhnien.vn/thoi-su/tay-ninh-ca-do-bong-da-no-nan-roi-di-cuop-giat-10-vu-1399834.html',NULL,NULL,0),(19,'1 đêm mưa, phát hiện 7 vụ vận chuyển đường nhập lậu với 41.000 kg','Trong mưa to gió lớn, lực lượng biên phòng Quảng Trị đã phát hiện tới 7 vụ vận chuyển đường kính có xuất xứ từ Thái Lan nhập lậu qua biên giới Việt - Lào, với tang vật là 41.000 kg.',17,11,'https://thanhnien.vn/thoi-su/1-dem-mua-phat-hien-7-vu-van-chuyen-duong-nhap-lau-voi-41000-kg-1399744.html','https://thanhnien.vn/thoi-su/1-dem-mua-phat-hien-7-vu-van-chuyen-duong-nhap-lau-voi-41000-kg-1399744.html',NULL,NULL,0),(20,'Triệt phá băng nhóm trộm xe máy chuyên nghiệp ở TP.HCM','Sau khi khảo sát \'con mồi\', thấy nhà dân có dựng xe máy thì Đặng Đình Hải dừng xe để Phương vào tìm cách bẻ khóa, trộm xe máy rồi tẩu thoát.',17,12,'https://thanhnien.vn/thoi-su/triet-pha-bang-nhom-trom-xe-may-chuyen-nghiep-o-tphcm-1399763.html','https://thanhnien.vn/thoi-su/triet-pha-bang-nhom-trom-xe-may-chuyen-nghiep-o-tphcm-1399763.html',NULL,NULL,0),(21,'Quảng Trị: Nhặt được ma túy đem bán, lãnh án chung thân','Nhặt được 2,2 kg ma túy ở bên đường, Hỏa cất giấu rồi đem bán. Hỏa bị tòa tuyên mức án chung thân.',17,11,'https://thanhnien.vn/thoi-su/quang-tri-nhat-duoc-ma-tuy-dem-ban-lanh-an-chung-than-1399733.html','https://thanhnien.vn/thoi-su/quang-tri-nhat-duoc-ma-tuy-dem-ban-lanh-an-chung-than-1399733.html',NULL,NULL,0),(22,'TP.HCM: Một gia đình bất an vì \'đạn lạc\' liên tiếp bay vào nhà','Ngày 16.6, Đội cảnh sát hình sự Công an Q.1 (TP.HCM) đang điều tra, làm rõ việc một nhà dân trên địa bàn nhiều ngày liên tiếp bị… “đạn lạc” bay vào nhà.',17,13,'https://thanhnien.vn/thoi-su/tphcm-mot-gia-dinh-bat-an-vi-dan-lac-lien-tiep-bay-vao-nha-1399713.html','https://thanhnien.vn/thoi-su/tphcm-mot-gia-dinh-bat-an-vi-dan-lac-lien-tiep-bay-vao-nha-1399713.html',NULL,NULL,0),(23,'Bắt nguyên Phó giám đốc Trung tâm hội nghị và tổ chức sự kiện tỉnh Đồng Nai','Nguyên là Phó giám đốc Trung tâm hội nghị và tổ chức sự kiện tỉnh Đồng Nai - Bùi Mạnh Hùng bị Công an tỉnh Đồng Nai bắt tạm giam để điều tra về hành vi lừa đảo chiếm đoạt tài sản.',17,14,'https://thanhnien.vn/thoi-su/bat-nguyen-pho-giam-doc-trung-tam-hoi-nghi-va-to-chuc-su-kien-tinh-dong-nai-1399702.html','https://thanhnien.vn/thoi-su/bat-nguyen-pho-giam-doc-trung-tam-hoi-nghi-va-to-chuc-su-kien-tinh-dong-nai-1399702.html',NULL,NULL,0),(24,'Vĩnh Long: Một cửa hàng bị phạt hơn 233 triệu đồng vì bán xăng kém chất lượng','Cửa hàng xăng dầu Ba Phố bị UBND tỉnh Vĩnh Long ra quyết định xử phạt hơn 233 triệu đồng vì đã bán hơn 3.000 lít xăng 95 không đảm bảo chất lượng.',17,15,'https://thanhnien.vn/thoi-su/vinh-long-mot-cua-hang-bi-phat-hon-233-trieu-dong-vi-ban-xang-kem-chat-luong-1399574.html','https://thanhnien.vn/thoi-su/vinh-long-mot-cua-hang-bi-phat-hon-233-trieu-dong-vi-ban-xang-kem-chat-luong-1399574.html',NULL,NULL,0),(25,'Nữ sinh viên bị lừa hơn 800 triệu đồng bằng thủ đoạn dọa phạt nguội','Ngày 16.6, Công an Q.Liên Chiểu (TP.Đà Nẵng) bàn giao vụ nữ sinh viên bị lừa hơn 800 triệu đồng bằng thủ đoạn dọa phạt nguội vi phạm giao thông, cho Cơ quan CSĐT Công an TP.Đà Nẵng thụ lý.',17,16,'https://thanhnien.vn/thoi-su/nu-sinh-vien-bi-lua-hon-800-trieu-dong-bang-thu-doan-doa-phat-nguoi-1399546.html','https://thanhnien.vn/thoi-su/nu-sinh-vien-bi-lua-hon-800-trieu-dong-bang-thu-doan-doa-phat-nguoi-1399546.html',NULL,NULL,0),(26,'TP.HCM: Đề nghị các bệnh viện nhập dữ liệu vào phần mềm quản lý bệnh nhân Covid-19','Ngày 16.6, Sở Y tế TP.HCM có văn bản đề nghị các bệnh viện, khu cách ly tập trung phải nhập đầy đủ thông tin người cách ly, bệnh nhân nhiễm Covid-19 vào phần mềm “Hệ thống quản lý người cách ly và nguời bệnh Covid-19”.',18,17,'https://thanhnien.vn/thoi-su/tphcm-de-nghi-cac-benh-vien-nhap-du-lieu-vao-phan-mem-quan-ly-benh-nhan-covid-19-1399965.html','https://thanhnien.vn/thoi-su/tphcm-de-nghi-cac-benh-vien-nhap-du-lieu-vao-phan-mem-quan-ly-benh-nhan-covid-19-1399965.html',NULL,NULL,0),(27,'TP.HCM: Đưa hết số F2 tại Công ty TNHH Hanjoo Trade đi cách ly tập trung','Liên quan 4 ca dương tính Covid-19 tại Công ty TNHH Hanjoo Trade (thuộc khu công nghiệp Tân Phú Trung, H.Củ Chi), Trung tâm y tế H.Củ Chi cho biết sẽ đưa 21 F2 đang cách ly tại công ty này đi cách ly tập trung.',18,2,'https://thanhnien.vn/thoi-su/tphcm-dua-het-so-f2-tai-cong-ty-tnhh-hanjoo-trade-di-cach-ly-tap-trung-1399936.html','https://thanhnien.vn/thoi-su/tphcm-dua-het-so-f2-tai-cong-ty-tnhh-hanjoo-trade-di-cach-ly-tap-trung-1399936.html',NULL,NULL,0),(28,'Hai nam sinh chuẩn bị vào lớp 10 bị đuối nước ở hồ La Ngà','Hai nam sinh cùng 15 tuổi được phát hiện bị đuối nước, tử vong ở hồ La Ngà (xã Vĩnh Thủy, H.Vĩnh Linh, Quảng Trị) sau khi đến đây chơi và tắm hồ.',18,11,'https://thanhnien.vn/thoi-su/hai-nam-sinh-chuan-bi-vao-lop-10-bi-duoi-nuoc-o-ho-la-nga-1399934.html','https://thanhnien.vn/thoi-su/hai-nam-sinh-chuan-bi-vao-lop-10-bi-duoi-nuoc-o-ho-la-nga-1399934.html',NULL,NULL,0),(29,'TP.HCM: Lấy mẫu xét nghiệm Covid-19 cho gần 23.000 người ở khu công nghiệp Vĩnh Lộc','Ngành y tế TP.HCM đã lấy mẫu tầm soát mở rộng Covid-19 cho toàn bộ công nhân, người lao động tại khu công nghiệp Vĩnh Lộc thuộc địa bàn Q.Bình Tân và H.Bình Chánh.',18,2,'https://thanhnien.vn/thoi-su/tphcm-lay-mau-xet-nghiem-covid-19-cho-gan-23000-nguoi-o-khu-cong-nghiep-vinh-loc-1399889.html','https://thanhnien.vn/thoi-su/tphcm-lay-mau-xet-nghiem-covid-19-cho-gan-23000-nguoi-o-khu-cong-nghiep-vinh-loc-1399889.html',NULL,NULL,0),(30,'Tình hình Covid-19 TP.HCM chiều 16.6: Ghi nhận thêm 45 ca mắc mới','Trong ngày hôm nay, 16.6, TP.HCM ghi nhân tổng cộng 99 ca nhiễm Covid-19.',18,9,'https://thanhnien.vn/thoi-su/tinh-hinh-covid-19-tphcm-chieu-166-ghi-nhan-them-45-ca-mac-moi-1399857.html','https://thanhnien.vn/thoi-su/tinh-hinh-covid-19-tphcm-chieu-166-ghi-nhan-them-45-ca-mac-moi-1399857.html',NULL,NULL,0),(31,'Tiền Giang: Dịch Covid-19 đang bùng phát trong cộng đồng','Tỉnh Tiền Giang vừa ghi nhận thêm 9 ca nhiễm Covid-19 mới trong cộng đồng; nâng tổng số ca nhiễm trên địa bàn tỉnh này lên 50 ca. Tỉnh Tiền Giang thành lập Bệnh viện dã chiến mới và Tổ Covid-19 cộng đồng.',18,18,'https://thanhnien.vn/thoi-su/tien-giang-dich-covid-19-dang-bung-phat-trong-cong-dong-1399838.html','https://thanhnien.vn/thoi-su/tien-giang-dich-covid-19-dang-bung-phat-trong-cong-dong-1399838.html',NULL,NULL,0),(32,'800.000 liều vắc xin Covid-19 ưu tiên cho TP.HCM, có thể tiêm xong trong 1 tuần','Theo Thứ trường Bộ Y tế Nguyễn Trường Sơn, trong đợt phân bổ này, TP.HCM được Chính phủ phân bổ hơn 800.000 liều vắc xin Covid-19.',18,19,'https://thanhnien.vn/thoi-su/800000-lieu-vac-xin-covid-19-uu-tien-cho-tphcm-co-the-tiem-xong-trong-1-tuan-1399853.html','https://thanhnien.vn/thoi-su/800000-lieu-vac-xin-covid-19-uu-tien-cho-tphcm-co-the-tiem-xong-trong-1-tuan-1399853.html',NULL,NULL,0),(33,'Tình hình Covid-19 hôm nay 16.6: Dịch bệnh lan vào nơi khám chữa bệnh, ‘tấn công’ nhân viên y tế','Thông tin đáng chú ý về tình hình Covid-19 hôm nay, 16.6, là ca nhiễm xuất hiện liên tiếp tại các cơ sở khám chữa bệnh trong nước, nhiều nhân viên y tế và người đi khám được phát hiện dương tính.',18,20,'https://thanhnien.vn/thoi-su/tinh-hinh-covid-19-hom-nay-166-dich-benh-lan-vao-noi-kham-chua-benh-tan-cong-nhan-vien-y-te-1399817.html','https://thanhnien.vn/thoi-su/tinh-hinh-covid-19-hom-nay-166-dich-benh-lan-vao-noi-kham-chua-benh-tan-cong-nhan-vien-y-te-1399817.html',NULL,NULL,0),(34,'Dệt may tăng 50% nhu cầu trong tuyển dụng nhân sự cấp trung và cấp cao','Tình hình căng thẳng tại Myanmar đã khiến các đơn hàng  dệt may đổ về Việt Nam nhiều hơn, dẫn đến nhu cầu tuyển dụng các vị trí trong ngành này tăng lên, đặc biệt vào thời điểm tháng 3.2021.',19,21,'https://thanhnien.vn/thoi-su/lao-dong-viec-lam/det-may-tang-50-nhu-cau-trong-tuyen-dung-nhan-su-cap-trung-va-cap-cao-1372553.html','https://thanhnien.vn/thoi-su/lao-dong-viec-lam/det-may-tang-50-nhu-cau-trong-tuyen-dung-nhan-su-cap-trung-va-cap-cao-1372553.html',NULL,NULL,0),(35,'TP.HCM đối thoại với doanh nghiệp về bảo hiểm xã hội','Đại diện Bảo hiểm xã hội TP.HCM đã trả lời trực tiếp thắc mắc của nhiều doanh nghiệp về các vấn đề Bảo hiểm xã hội cho người lao động nước ngoài, thủ tục giải quyết chế độ thai sản,  bảo hiểm thất nghiệp...',19,2,'https://thanhnien.vn/thoi-su/tphcm-doi-thoai-voi-doanh-nghiep-ve-bao-hiem-xa-hoi-1368353.html','https://thanhnien.vn/thoi-su/tphcm-doi-thoai-voi-doanh-nghiep-ve-bao-hiem-xa-hoi-1368353.html',NULL,NULL,0),(36,'Vỡ mộng sang Úc lao động, ôm nợ hàng trăm triệu đồng','Tin tưởng lời hứa đưa người lao động sang Úc làm việc của một chủ doanh nghiệp ở Hải Dương, nhiều người đã trở thành nạn nhân sau khi nộp hơn 300 triệu đồng cho doanh nghiệp này.',19,10,'https://thanhnien.vn/thoi-su/vo-mong-sang-uc-lao-dong-om-no-hang-tram-trieu-dong-1368075.html','https://thanhnien.vn/thoi-su/vo-mong-sang-uc-lao-dong-om-no-hang-tram-trieu-dong-1368075.html',NULL,NULL,0),(37,'Những ngành nào tăng nhu cầu tuyển dụng trong quý 2?','Trong thời gian tới, sự kết hợp giữa làn sóng chuyển dịch chuỗi cung ứng từ Trung Quốc và tác động tích cực từ những hiệp định thương mại tự do sẽ mang lại cơ hội việc làm và nhu cầu tuyển dụng tăng lên đáng kể.',19,21,'https://thanhnien.vn/thoi-su/nhung-nganh-nao-tang-nhu-cau-tuyen-dung-trong-quy-2-1364590.html','https://thanhnien.vn/thoi-su/nhung-nganh-nao-tang-nhu-cau-tuyen-dung-trong-quy-2-1364590.html',NULL,NULL,0),(38,'Quy định mới về điều kiện thành lập trung tâm dịch vụ việc làm từ ngày 1.6.2021','Nghị định 23/2021/NĐ-CP quy định chi tiết khoản 3 Điều 37 và Điều 39 của luật Việc làm, về trung tâm dịch vụ việc làm, doanh nghiệp hoạt động dịch vụ việc làm, có hiệu lực từ ngày 1.6.2021.',19,22,'https://thanhnien.vn/thoi-su/quy-dinh-moi-ve-dieu-kien-thanh-lap-trung-tam-dich-vu-viec-lam-tu-ngay-162021-1358103.html','https://thanhnien.vn/thoi-su/quy-dinh-moi-ve-dieu-kien-thanh-lap-trung-tam-dich-vu-viec-lam-tu-ngay-162021-1358103.html',NULL,NULL,0),(39,'Thêm một địa chỉ đào tạo chuyên môn, kỹ năng cho người khuyết tật','Ở Trung tâm Kết nối Nâng cao vị thế kinh tế cho người yếu thế (D.hub), người khuyết tật sẽ được hướng nghiệp, đào tạo về chuyên môn, kỹ năng và tham gia vào hệ sinh thái việc làm...',19,23,'https://thanhnien.vn/thoi-su/them-mot-dia-chi-dao-tao-chuyen-mon-ky-nang-cho-nguoi-khuyet-tat-1356047.html','https://thanhnien.vn/thoi-su/them-mot-dia-chi-dao-tao-chuyen-mon-ky-nang-cho-nguoi-khuyet-tat-1356047.html',NULL,NULL,0),(40,'Lao động nữ nhọc nhằn vì Covid-19 - Kỳ 2: Loay hoay kiếm đủ mọi nghề','Dịch Covid-19 làm nhiều chị em công nhân mất việc. Họ bỗng dưng từ lao động nữ chính thức thành phi chính thức, buộc phải loay hoay kiếm đủ mọi nghề...',19,2,'https://thanhnien.vn/thoi-su/lao-dong-nu-nhoc-nhan-vi-covid-19-ky-2-loay-hoay-kiem-du-moi-nghe-1351571.html','https://thanhnien.vn/thoi-su/lao-dong-nu-nhoc-nhan-vi-covid-19-ky-2-loay-hoay-kiem-du-moi-nghe-1351571.html',NULL,NULL,0),(41,'Lương kỹ sư phần mềm có thể đạt 100 triệu/tháng','Với xu hướng thúc đẩy chuyển đổi kỹ thuật số, nhu cầu tuyển dụng các vị trí liên quan đến công nghệ thông tin đang tăng lên đáng kể. Nhiều vị trí được các nhà tuyển dụng săn đón với mức lương 100 triệu đồng/tháng.',19,21,'https://thanhnien.vn/thoi-su/luong-ky-su-phan-mem-co-the-dat-100-trieuthang-1351692.html','https://thanhnien.vn/thoi-su/luong-ky-su-phan-mem-co-the-dat-100-trieuthang-1351692.html',NULL,NULL,0),(42,'Lao động nữ nhọc nhằn vì Covid-19 - Kỳ 1: Trụ cột gia đình lung lay','Nhiều lao động nữ tại TP.HCM chịu cảnh ‘thắt lưng buộc bụng’ dưới tác động dài hạn của dịch Covid-19 trong khi họ lại chính là trụ cột gia đình.',19,2,'https://thanhnien.vn/thoi-su/lao-dong-nu-nhoc-nhan-vi-covid-19-ky-1-tru-cot-gia-dinh-lung-lay-1351567.html','https://thanhnien.vn/thoi-su/lao-dong-nu-nhoc-nhan-vi-covid-19-ky-1-tru-cot-gia-dinh-lung-lay-1351567.html',NULL,NULL,0),(43,'Các ngành điện tử, ngân hàng có mức thưởng Tết Tân Sửu cao','Mức thưởng Tết Tân Sửu năm 2021 bình quân hơn 8 triệu đồng/người. Mức thưởng cao tập trung nhiều nhất tại các lĩnh vực điện tử, ngân hàng, dịch vụ tài chính, kế toán, bất động sản…',19,2,'https://thanhnien.vn/thoi-su/cac-nganh-dien-tu-ngan-hang-co-muc-thuong-tet-tan-suu-cao-1350002.html','https://thanhnien.vn/thoi-su/cac-nganh-dien-tu-ngan-hang-co-muc-thuong-tet-tan-suu-cao-1350002.html',NULL,NULL,0),(44,'Đề nghị chấn chỉnh quảng cáo thực phẩm chức năng sai sự thật','Cục Văn hóa cơ sở (Bộ VH-TT-DL) có văn đề nghị kiểm soát, chấn chỉnh hoạt động quảng cáo thực phẩm chức năng, thực phẩm bảo vệ sức khỏe.',20,24,'https://thanhnien.vn/thoi-su/de-nghi-chan-chinh-quang-cao-thuc-pham-chuc-nang-sai-su-that-1387940.html','https://thanhnien.vn/thoi-su/de-nghi-chan-chinh-quang-cao-thuc-pham-chuc-nang-sai-su-that-1387940.html',NULL,NULL,0),(45,'Infographic Đại tá Nguyễn Sỹ Quang: Xử nghiêm đối tượng tiếp tay cho người nước ngoài nhập cảnh, lưu','Dịch bệnh Covid-19 diễn biến phức tạp, đại tá Nguyễn Sỹ Quang (Phó Giám đốc Công an TP.HCM) khẳng định nếu phát hiện cá nhân, tổ chức tiếp tay cho người nước ngoài nhập cảnh trái phép sẽ xử lý thật nghiêm.',20,12,'https://thanhnien.vn/thoi-su/infographic-dai-ta-nguyen-sy-quang-xu-nghiem-doi-tuong-tiep-tay-cho-nguoi-nuoc-ngoai-nhap-canh-luu-tru-trai-phep-1387214.html','https://thanhnien.vn/thoi-su/infographic-dai-ta-nguyen-sy-quang-xu-nghiem-doi-tuong-tiep-tay-cho-nguoi-nuoc-ngoai-nhap-canh-luu-tru-trai-phep-1387214.html',NULL,NULL,0),(46,'Chó Pitbull cắn chết người: Chủ vật nuôi có vô can?','Chó Pitbull cắn chết người trong quán cà phê ở Long An khiến dư luận hoang mang. Liệu chủ chó Pitbull có bị xử lý?',20,12,'https://thanhnien.vn/thoi-su/cho-pitbull-can-chet-nguoi-chu-vat-nuoi-co-vo-can-1386994.html','https://thanhnien.vn/thoi-su/cho-pitbull-can-chet-nguoi-chu-vat-nuoi-co-vo-can-1386994.html',NULL,NULL,0),(47,'Bạn cần biết: Vi phạm phòng chống dịch, sẽ bị xử phạt như thế nào?','Những hành vi vi phạm quy định về phòng chống dịch như... vứt khẩu trang bừa bãi sẽ bị xử phạt nặng. Tuy nhiên, nhiều người dân lại \'quên\' những quy định này.',20,9,'https://thanhnien.vn/thoi-su/ban-can-biet-vi-pham-phong-chong-dich-se-bi-xu-phat-nhu-the-nao-1385903.html','https://thanhnien.vn/thoi-su/ban-can-biet-vi-pham-phong-chong-dich-se-bi-xu-phat-nhu-the-nao-1385903.html',NULL,NULL,0),(48,'Không đeo khẩu trang nơi công cộng bị phạt bao nhiêu tiền?','Không đeo khẩu trang nơi công cộng, cá nhân có thể bị xử phạt hành chính lên đến 3 triệu đồng; tổ chức bị phạt gấp đôi.',20,22,'https://thanhnien.vn/thoi-su/khong-deo-khau-trang-noi-cong-cong-bi-phat-bao-nhieu-tien-1384380.html','https://thanhnien.vn/thoi-su/khong-deo-khau-trang-noi-cong-cong-bi-phat-bao-nhieu-tien-1384380.html',NULL,NULL,0),(49,'Tiền ảo Bitcoin, tiền ảo Pi: Nắm giữ, giao dịch là vi phạm pháp luật Việt Nam','Theo các chuyên gia, nắm giữ cũng như thực hiện các giao dịch liên quan đến các loại tiền ảo như tiền ảo Bitcoin, tiền ảo Pi... vì đó là hành vi vi phạm pháp luật Việt Nam.',20,12,'https://thanhnien.vn/thoi-su/tien-ao-bitcoin-tien-ao-pi-nam-giu-giao-dich-la-vi-pham-phap-luat-viet-nam-1384385.html','https://thanhnien.vn/thoi-su/tien-ao-bitcoin-tien-ao-pi-nam-giu-giao-dich-la-vi-pham-phap-luat-viet-nam-1384385.html',NULL,NULL,0),(50,'Bát nháo người nổi tiếng quảng bá tiền ảo bất hợp pháp','Chưa hết bức xúc vì nghệ sĩ quảng cáo kiểu \'công nghiệp\' thì giờ đây, người dùng trên mạng xã hội lại một phen bất ngờ vì nghệ sĩ nổi tiếng công khai quảng bá, lôi kéo đầu tư tiền ảo.',20,12,'https://thanhnien.vn/thoi-su/bat-nhao-nguoi-noi-tieng-quang-ba-tien-ao-bat-hop-phap-1383084.html','https://thanhnien.vn/thoi-su/bat-nhao-nguoi-noi-tieng-quang-ba-tien-ao-bat-hop-phap-1383084.html',NULL,NULL,0),(51,'Khai báo y tế gian dối bị xử lý thế nào?','Chuyên gia pháp lý cho rằng hành vi khai báo y tế gian dối có thể bị xử lý hành chính hoặc truy cứu trách nhiệm hình sự.',20,22,'https://thanhnien.vn/thoi-su/khai-bao-y-te-gian-doi-bi-xu-ly-the-nao-1383887.html','https://thanhnien.vn/thoi-su/khai-bao-y-te-gian-doi-bi-xu-ly-the-nao-1383887.html',NULL,NULL,0),(52,'Một số quy định mới của luật Cư trú 2020 có hiệu lực từ ngày 1.7.2021','Từ ngày 1.7.2021, luật Cư trú 2020 có hiệu lực với một số quy định mới về đối tượng tham gia BHYT hộ gia đình; một số trường hợp bị hạn chế cư trú; Không còn điều kiện riêng khi nhập khẩu Hà Nội, TP.HCM...',20,22,'https://thanhnien.vn/thoi-su/mot-so-quy-dinh-moi-cua-luat-cu-tru-2020-co-hieu-luc-tu-ngay-172021-1381696.html','https://thanhnien.vn/thoi-su/mot-so-quy-dinh-moi-cua-luat-cu-tru-2020-co-hieu-luc-tu-ngay-172021-1381696.html',NULL,NULL,0),(53,'Từ vụ phát tán clip nhạy cảm bar Sunny: Thế nào là truyền bá văn hóa phẩm đồi trụy?','Từ vụ phát tán clip nhạy cảm ban đầu được cho là của bar Sunny (tỉnh Vĩnh Phúc), cơ quan chức năng đã vào cuộc và khởi tố vụ án Truyền bá văn hóa phẩm đồi trụy.',20,9,'https://thanhnien.vn/thoi-su/tu-vu-phat-tan-clip-nhay-cam-bar-sunny-the-nao-la-truyen-ba-van-hoa-pham-doi-truy-1382399.html','https://thanhnien.vn/thoi-su/tu-vu-phat-tan-clip-nhay-cam-bar-sunny-the-nao-la-truyen-ba-van-hoa-pham-doi-truy-1382399.html',NULL,NULL,0),(54,'Cố tình khai báo dịch tễ không trung thực sẽ bị xử lý như thế nào?','Sở Tư pháp Đà Nẵng vừa có hướng dẫn xử phạt vi phạm hành chính đối với người có hành vi \'cố tình khai báo dịch tễ không trung thực, không kịp thời gây ảnh hưởng đến công tác phòng, chống dịch Covid-19\'.',20,6,'https://thanhnien.vn/thoi-su/co-tinh-khai-bao-dich-te-khong-trung-thuc-se-bi-xu-ly-nhu-the-nao-1382005.html','https://thanhnien.vn/thoi-su/co-tinh-khai-bao-dich-te-khong-trung-thuc-se-bi-xu-ly-nhu-the-nao-1382005.html',NULL,NULL,0),(55,'Những giấy tờ nào cần sửa đổi khi chuyển từ CMND sang CCCD gắn chíp?','Chuyên gia pháp lý cho rằng khi chuyển CMND sang CCCD gắn chíp thì người dân cần điều chỉnh thông tin trên một số loại giấy tờ.',20,22,'https://thanhnien.vn/thoi-su/nhung-giay-to-nao-can-sua-doi-khi-chuyen-tu-cmnd-sang-cccd-gan-chip-1380418.html','https://thanhnien.vn/thoi-su/nhung-giay-to-nao-can-sua-doi-khi-chuyen-tu-cmnd-sang-cccd-gan-chip-1380418.html',NULL,NULL,0),(56,'Tuổi thơ nhọc nhằn: Trẻ khuyết tật mưu sinh','Bại não, liệt chân, xương thủy tinh, không có đôi tay, nhưng những đứa trẻ này ngày ngày vẫn theo mẹ hoặc tự mình đi bán vé số mưu sinh.',21,25,'https://thanhnien.vn/thoi-su/tuoi-tho-nhoc-nhan-tre-khuyet-tat-muu-sinh-1392095.html','https://thanhnien.vn/thoi-su/tuoi-tho-nhoc-nhan-tre-khuyet-tat-muu-sinh-1392095.html',NULL,NULL,0),(57,'Tuổi thơ nhọc nhằn: Đời em là du mục','Từ Tây nguyên tôi xuôi về Ninh Thuận để đi tìm những đứa trẻ sống đời du mục. Những trẻ chăn dê, chăn cừu ở đây đứa nào cũng nở nụ cười thánh thiện. Vậy mà tôi lại thấy chạnh lòng.',21,25,'https://thanhnien.vn/thoi-su/tuoi-tho-nhoc-nhan-doi-em-la-du-muc-1391838.html','https://thanhnien.vn/thoi-su/tuoi-tho-nhoc-nhan-doi-em-la-du-muc-1391838.html',NULL,NULL,0),(58,'Tuổi thơ nhọc nhằn: Lên Sài Gòn... bắt ốc','Bắt ốc là việc không xa lạ ở vùng nông thôn. Nhưng Sài Gòn cũng có một xóm nghèo, ở đó trẻ con chuyên nghề bắt ốc mưu sinh, người dân quen gọi là xóm ốc.',21,25,'https://thanhnien.vn/thoi-su/tuoi-tho-nhoc-nhan-len-sai-gon-bat-oc-1391042.html','https://thanhnien.vn/thoi-su/tuoi-tho-nhoc-nhan-len-sai-gon-bat-oc-1391042.html',NULL,NULL,0),(59,'Tuổi thơ nhọc nhằn: \'Siêu nhí\' đi biển','Khi các bạn cùng tuổi hồn nhiên cắp sách đến trường, 9 tuổi Võ Ngọc Trường đã theo cha lênh đênh trên biển với mỗi chuyến đi ngót cả tháng trời.',21,25,'https://thanhnien.vn/thoi-su/tuoi-tho-nhoc-nhan-sieu-nhi-di-bien-1390772.html','https://thanhnien.vn/thoi-su/tuoi-tho-nhoc-nhan-sieu-nhi-di-bien-1390772.html',NULL,NULL,0),(60,'Tuổi thơ nhọc nhằn: Leo đồi núi mưu sinh','LHQ đã thông qua nghị quyết lấy năm 2021 là Năm quốc tế về xóa bỏ lao động trẻ em. Nhân sự kiện này và ngày Quốc tế Thiếu nhi, phóng viên Thanh Niên đã lên rừng, xuống biển... tìm hiểu trẻ em đang phải lao động vất vả mưu sinh...',21,25,'https://thanhnien.vn/thoi-su/tuoi-tho-nhoc-nhan-leo-doi-nui-muu-sinh-1390179.html','https://thanhnien.vn/thoi-su/tuoi-tho-nhoc-nhan-leo-doi-nui-muu-sinh-1390179.html',NULL,NULL,0),(61,'Điêu đứng vì sập bẫy lừa xuất khẩu lao động Nhật','Báo Thanh Niên nhận được hàng chục đơn của người lao động tố cáo bị một công ty tư vấn xuất khẩu lao động Nhật Bản lừa đảo, chiếm đoạt số tiền hơn 1,1 tỉ đồng.',21,26,'https://thanhnien.vn/thoi-su/dieu-dung-vi-sap-bay-lua-xuat-khau-lao-dong-nhat-1390405.html','https://thanhnien.vn/thoi-su/dieu-dung-vi-sap-bay-lua-xuat-khau-lao-dong-nhat-1390405.html',NULL,NULL,0),(62,'Ngôi nhà không ánh sáng !','Họ đã đến với nhau bằng tình yêu dù trải qua nhiều trắc trở, cùng nhau tạo ra những sinh linh với niềm hy vọng rằng “con sẽ khác mình”, nhưng tiếc thay đời ông bà... mù, đời cha mẹ... mù, đến đời con cũng... mù.',21,11,'https://thanhnien.vn/thoi-su/ngoi-nha-khong-anh-sang-1389825.html','https://thanhnien.vn/thoi-su/ngoi-nha-khong-anh-sang-1389825.html',NULL,NULL,0),(63,'Chặn dịch vào Tây Nam: \'Mắt thần\' canh biển','Những ngày qua, bộ đội Trạm ra đa 620 đã phát hiện nhiều mục tiêu nghi vấn, báo cho lực lượng làm nhiệm vụ trên biển kịp thời kiểm tra, phát hiện các vụ nhập cảnh trái phép vào Việt Nam.',21,27,'https://thanhnien.vn/thoi-su/chan-dich-vao-tay-nam-mat-than-canh-bien-1386086.html','https://thanhnien.vn/thoi-su/chan-dich-vao-tay-nam-mat-than-canh-bien-1386086.html',NULL,NULL,0),(64,'Chặn dịch vào Tây Nam: Thức giữa dòng sông','6 giờ chiều, chiếc ca nô cao tốc của Đồn biên phòng cửa khẩu quốc tế Vĩnh Xương (Bộ Chỉ huy Bộ đội biên phòng An Giang) rời bến, lao vút lên đầu nguồn sông Tiền...',21,27,'https://thanhnien.vn/thoi-su/chan-dich-vao-tay-nam-thuc-giua-dong-song-1385330.html','https://thanhnien.vn/thoi-su/chan-dich-vao-tay-nam-thuc-giua-dong-song-1385330.html',NULL,NULL,0),(65,'Chặn dịch vào Tây Nam: Chốt \'5 không\'','Nhánh hạ lưu bên trái sông Mê Kông chảy vào VN, được mang tên sông Tiền. Đầu nguồn sông Tiền, bên phải là xã Thường Phước 1 (H.Hồng Ngự, Đồng Tháp), bên trái là xã Vĩnh Xương (TX.Tân Châu, An Giang).',21,27,'https://thanhnien.vn/thoi-su/chan-dich-vao-tay-nam-chot-5-khong-1384988.html','https://thanhnien.vn/thoi-su/chan-dich-vao-tay-nam-chot-5-khong-1384988.html',NULL,NULL,0),(66,'Chặn dịch vào Tây Nam: Trên vùng biển \'nóng\'','PV Thanh Niên đã thực tế cùng các lực lượng quản lý, bảo vệ biên giới và phòng chống dịch Covid-19 ở những địa bàn gian khổ, phức tạp nhất, trên tuyến biên giới đất liền và vùng biển Tây Nam của Tổ quốc.',21,27,'https://thanhnien.vn/thoi-su/chan-dich-vao-tay-nam-tren-vung-bien-nong-1384348.html','https://thanhnien.vn/thoi-su/chan-dich-vao-tay-nam-tren-vung-bien-nong-1384348.html',NULL,NULL,0),(67,'Phong Nha ngày không khách','Ngồi bên dòng sông Son trong xanh, mềm mại uốn lượn dưới những rặng núi đá, những ông chủ \'du lịch\' ở Quảng Bình thỉnh thoảng lại buông tiếng thở dài. Bởi Phong Nha đẹp nhưng đang buồn đến nao lòng.',21,28,'https://thanhnien.vn/thoi-su/phong-nha-ngay-khong-khach-1384134.html','https://thanhnien.vn/thoi-su/phong-nha-ngay-khong-khach-1384134.html',NULL,NULL,0),(68,'Trường Sa, tháng 4.2021 - Kỳ 1: Bãi Ba Đầu, trước năm 2020','Những câu chuyện về các \'điểm nóng\' ở Trường Sa và những hình ảnh ghi được trong tháng 4.2021, để cung cấp đầy đủ nhất về tình hình Trường Sa hôm nay.',22,27,'https://thanhnien.vn/thoi-su/truong-sa-thang-42021-ky-1-bai-ba-dau-truoc-nam-2020-1374831.html','https://thanhnien.vn/thoi-su/truong-sa-thang-42021-ky-1-bai-ba-dau-truoc-nam-2020-1374831.html',NULL,NULL,0),(69,'Kiểm soát tốt bất đồng, không có hành động vũ lực trên biển','Bộ trưởng Quốc phòng Việt Nam khẳng định quan điểm nhất quán của Việt Nam là giải quyết các bất đồng thông qua biện pháp hòa bình, trên cơ sở luật pháp quốc tế, nhất là Công ước Liên Hiệp Quốc về luật Biển năm 1982',22,1,'https://thanhnien.vn/thoi-su/kiem-soat-tot-bat-dong-khong-co-hanh-dong-vu-luc-tren-bien-1374141.html','https://thanhnien.vn/thoi-su/kiem-soat-tot-bat-dong-khong-co-hanh-dong-vu-luc-tren-bien-1374141.html',NULL,NULL,0),(70,'Trường Sa - Tuyến đầu tổ quốc: Vững vàng Nam Yết','Những ngày tháng 4.2021 này, vùng biển Nam Yết (H.Trường Sa, Khánh Hòa) tập trung hàng trăm tàu cá Trung Quốc neo đậu.',22,27,'https://thanhnien.vn/thoi-su/truong-sa-tuyen-dau-to-quoc-vung-vang-nam-yet-1373299.html','https://thanhnien.vn/thoi-su/truong-sa-tuyen-dau-to-quoc-vung-vang-nam-yet-1373299.html',NULL,NULL,0),(71,'Trường Sa - Tuyến đầu tổ quốc: Điểm nóng Huy Gơ, Ken Nan','Từ năm 2020 đến nay, Huy Gơ là một trong những nơi tập trung nhiều tàu cá Trung Quốc và họ thường xuyên lao xuồng cao tốc ra đe dọa, uy hiếp tàu thuyền Việt Nam đi qua khu vực này.',22,27,'https://thanhnien.vn/thoi-su/truong-sa-tuyen-dau-to-quoc-diem-nong-huy-go-ken-nan-1372620.html','https://thanhnien.vn/thoi-su/truong-sa-tuyen-dau-to-quoc-diem-nong-huy-go-ken-nan-1372620.html',NULL,NULL,0),(72,'Trường Sa - Tuyến đầu Tổ quốc: Ghi ở bãi Ba Đầu','Buổi sáng một ngày giữa tháng 4.2021, chúng tôi đến đảo Sinh Tồn Đông. Nhìn qua khí tài quan sát chuyên dụng sang bãi Ba Đầu, chỉ thấy khoảng 10 tàu cá Trung Quốc neo đậu ở đó.',22,27,'https://thanhnien.vn/thoi-su/hoang-sa-truong-sa-mau-thit-cua-viet-nam-ghi-o-bai-ba-dau-1372361.html','https://thanhnien.vn/thoi-su/hoang-sa-truong-sa-mau-thit-cua-viet-nam-ghi-o-bai-ba-dau-1372361.html',NULL,NULL,0),(73,'Bộ đội biên phòng Bình Định đón nhận Huân chương Bảo vệ Tổ quốc hạng nhì','Bộ đội biên phòng tỉnh Bình Định tổ chức lễ kỷ niệm 60 năm ngày truyền thống BĐBP tỉnh Bình Định (4.4.1961 - 4.4.2021) và đón nhận Huân chương Bảo vệ Tổ quốc hạng nhì.',22,29,'https://thanhnien.vn/thoi-su/bo-doi-bien-phong-binh-dinh-don-nhan-huan-chuong-bao-ve-to-quoc-hang-nhi-1363714.html','https://thanhnien.vn/thoi-su/bo-doi-bien-phong-binh-dinh-don-nhan-huan-chuong-bao-ve-to-quoc-hang-nhi-1363714.html',NULL,NULL,0),(74,'42 năm cuộc chiến đấu bảo vệ biên giới phía Bắc: Giữ đất, đuổi thù','Một số hình ảnh chiến đấu, phục vụ chiến đấu và đối xử nhân đạo với tù binh Trung Quốc tại mặt trận Cao Bằng, tháng 2.1979, trong cuộc chiến đấu bảo vệ biên giới phía Bắc',22,27,'https://thanhnien.vn/thoi-su/42-nam-cuoc-chien-dau-bao-ve-bien-gioi-phia-bac-giu-dat-duoi-thu-1342394.html','https://thanhnien.vn/thoi-su/42-nam-cuoc-chien-dau-bao-ve-bien-gioi-phia-bac-giu-dat-duoi-thu-1342394.html',NULL,NULL,0),(75,'42 năm cuộc chiến đấu bảo vệ biên giới phía Bắc (17.2.1979 - 17.2.2021): Thắm màu cờ cực Bắc','Trong cuộc chiến đấu bảo vệ biên giới phía Bắc, rất nhiều xương máu của quân và dân đã đổ xuống để gìn giữ, bảo vệ vùng đất địa đầu...',22,27,'https://thanhnien.vn/thoi-su/42-nam-cuoc-chien-dau-bao-ve-bien-gioi-phia-bac-1721979-1722021-tham-mau-co-cuc-bac-1342499.html','https://thanhnien.vn/thoi-su/42-nam-cuoc-chien-dau-bao-ve-bien-gioi-phia-bac-1721979-1722021-tham-mau-co-cuc-bac-1342499.html',NULL,NULL,0),(76,'42 năm cuộc chiến đấu bảo vệ biên giới phía Bắc: Đánh trả quân xâm lược Trung Quốc','Một số hình ảnh quân và dân Cao Bằng đánh trả quân Trung Quốc xâm lược, tháng 2.1979.',22,27,'https://thanhnien.vn/thoi-su/42-nam-cuoc-chien-dau-bao-ve-bien-gioi-phia-bac-danh-tra-quan-xam-luoc-trung-quoc-1342368.html','https://thanhnien.vn/thoi-su/42-nam-cuoc-chien-dau-bao-ve-bien-gioi-phia-bac-danh-tra-quan-xam-luoc-trung-quoc-1342368.html',NULL,NULL,0),(77,'Lính nhà giàn DK1 đón xuân','Hình ảnh bộ đội tiểu đoàn DK1, Vùng 2 Hải quân đón xuân trên các nhà giàn canh giữ thềm lục địa phía Nam của Tổ quốc.',22,27,'https://thanhnien.vn/thoi-su/linh-nha-gian-dk1-don-xuan-1341461.html','https://thanhnien.vn/thoi-su/linh-nha-gian-dk1-don-xuan-1341461.html',NULL,NULL,0),(78,'Ngày đầu xuân ở Trường Sa','Ở Trường Sa , những ngày đầu xuân, cũng có những hoạt động đón tết, mừng xuân không thua gì đất liền.',22,27,'https://thanhnien.vn/thoi-su/ngay-dau-xuan-o-truong-sa-1341633.html','https://thanhnien.vn/thoi-su/ngay-dau-xuan-o-truong-sa-1341633.html',NULL,NULL,0),(79,'\'Hầm trú ẩn\' Covid-19','Về một khía cạnh nào đó mỗi nhà chủ động có một \'hầm trú ẩn\' để tự cách ly Covid-19 khi cần thiết, cũng là một cách \'xã hội hóa\'',23,30,'https://thanhnien.vn/thoi-su/vuot-qua-covid-19/ham-tru-an-covid-19-1394707.html','https://thanhnien.vn/thoi-su/vuot-qua-covid-19/ham-tru-an-covid-19-1394707.html',NULL,NULL,0),(80,'Việt Nam đề xuất nội dung xây dựng châu Á hậu đại dịch','Theo tin từ Bộ Ngoại giao, sáng 20.5, Thủ tướng Phạm Minh Chính đã tham dự và có bài phát biểu quan trọng tại Hội nghị quốc tế về tương lai châu Á lần thứ 26 theo hình thức trực tuyến.',24,3,'https://thanhnien.vn/the-gioi/viet-nam-de-xuat-noi-dung-xay-dung-chau-a-hau-dai-dich-1386651.html','https://thanhnien.vn/the-gioi/viet-nam-de-xuat-noi-dung-xay-dung-chau-a-hau-dai-dich-1386651.html',NULL,NULL,0),(81,'Chính quyền quân sự Myanmar phê duyệt dự án đầu tư lớn','Myanmar phê duyệt dự án đầu tư trị giá 2,5 tỉ USD, trong khi một báo cáo cho rằng nhiều doanh nghiệp không muốn đầu tư thêm tại nước này.',24,31,'https://thanhnien.vn/the-gioi/chinh-quyen-quan-su-myanmar-phe-duyet-du-an-dau-tu-lon-1380295.html','https://thanhnien.vn/the-gioi/chinh-quyen-quan-su-myanmar-phe-duyet-du-an-dau-tu-lon-1380295.html',NULL,NULL,0),(82,'Gần 13% doanh nghiệp ở Myanmar dừng hoạt động sau chính biến','Thông tin dựa trên khảo sát của 10 phòng thương mại nước ngoài ở Myanmar liên quan đến hoạt động của doanh nghiệp tại nước này sau chính biến.',24,31,'https://thanhnien.vn/the-gioi/gan-13-doanh-nghiep-o-myanmar-dung-hoat-dong-sau-chinh-bien-1379646.html','https://thanhnien.vn/the-gioi/gan-13-doanh-nghiep-o-myanmar-dung-hoat-dong-sau-chinh-bien-1379646.html',NULL,NULL,0),(83,'Du lịch ế ẩm, vì sao Singapore vẫn ồ ạt khai trương khách sạn?','Thị trường khách sạn ở Singapore vẫn sôi động bất chấp tác động của đại dịch Covid-19 lên ngành du lịch.',24,31,'https://thanhnien.vn/the-gioi/du-lich-e-am-vi-sao-singapore-van-o-at-khai-truong-khach-san-1374910.html','https://thanhnien.vn/the-gioi/du-lich-e-am-vi-sao-singapore-van-o-at-khai-truong-khach-san-1374910.html',NULL,NULL,0),(84,'Tiêm kích MiG-29 Ba Lan bất ngờ nã pháo 30 mm vào ‘quân mình’','Không quân Ba Lan đang tiến hành cuộc điều tra liên quan một chiến đấu cơ MiG-29 vô tình khai hỏa pháo 30 mm vào một máy bay chiến đấu cùng loại trong cuộc tập trận gần đây.',25,32,'https://thanhnien.vn/the-gioi/tiem-kich-mig-29-ba-lan-bat-ngo-na-phao-30-mm-vao-quan-minh-1396117.html','https://thanhnien.vn/the-gioi/tiem-kich-mig-29-ba-lan-bat-ngo-na-phao-30-mm-vao-quan-minh-1396117.html',NULL,NULL,0),(85,'Lần đầu tiên UAV tiếp liệu thành công cho máy bay trên không','Thử nghiệm dùng UAV MQ-25 T1 tiếp liệu cho tiêm kích F/A-18 Super Hornet được Boeing và hải quân Mỹ lần đầu tiên thử nghiệm thành công.',25,31,'https://thanhnien.vn/the-gioi/lan-dau-tien-uav-tiep-lieu-thanh-cong-cho-may-bay-tren-khong-1395518.html','https://thanhnien.vn/the-gioi/lan-dau-tien-uav-tiep-lieu-thanh-cong-cho-may-bay-tren-khong-1395518.html',NULL,NULL,0),(86,'Ghế phóng tự kích hoạt, 2 phi công chiến đấu cơ Iran thiệt mạng','Hai phi công lái chiến đấu cơ Iran thiệt mạng hôm 1.6 tại căn cứ không quân Vahdati ở thành phố Dezful, do “sự cố kỹ thuật” của một máy bay huấn luyện F-5, theo hãng tin IRNA.',25,32,'https://thanhnien.vn/the-gioi/ghe-phong-tu-kich-hoat-2-phi-cong-chien-dau-co-iran-thiet-mang-1392644.html','https://thanhnien.vn/the-gioi/ghe-phong-tu-kich-hoat-2-phi-cong-chien-dau-co-iran-thiet-mang-1392644.html',NULL,NULL,0),(87,'Mỹ cảnh báo binh sĩ Trung Quốc hiện diện ở căn cứ hải quân Campuchia gần Biển Đông','Quan chức Ngoại giao Mỹ đến thăm Campuchia và cảnh báo rằng một căn cứ của Trung Quốc ở Campuchia sẽ ảnh hưởng chủ quyền, đe dọa an ninh khu vực.',25,31,'https://thanhnien.vn/the-gioi/my-canh-bao-binh-si-trung-quoc-hien-dien-o-can-cu-hai-quan-campuchia-gan-bien-dong-1392393.html','https://thanhnien.vn/the-gioi/my-canh-bao-binh-si-trung-quoc-hien-dien-o-can-cu-hai-quan-campuchia-gan-bien-dong-1392393.html',NULL,NULL,0),(88,'Phát hiện hành vi ‘đáng ngờ’ của 16 máy bay quân sự Trung Quốc ở Biển Đông','Nhóm 16 máy bay quân sự của Trung Quốc bị phát hiện có hành vi đáng ngờ ở Biển Đông và tiếp cận không phận Malaysia.',25,31,'https://thanhnien.vn/the-gioi/phat-hien-hanh-vi-dang-ngo-cua-16-may-bay-quan-su-trung-quoc-o-bien-dong-1392342.html','https://thanhnien.vn/the-gioi/phat-hien-hanh-vi-dang-ngo-cua-16-may-bay-quan-su-trung-quoc-o-bien-dong-1392342.html',NULL,NULL,0),(89,'Cảnh báo về máy bay tiếp nhiên liệu mới của Trung Quốc','Một chuyên gia quân sự Đài Loan khuyến cáo lực lượng phòng vệ của vùng lãnh thổ này nên theo dõi kỹ việc Trung Quốc phát triển máy bay tiếp nhiên liệu mới vì nó sẽ giúp Bắc Kinh mở rộng cuộc tấn công tầm xa.',25,32,'https://thanhnien.vn/the-gioi/canh-bao-ve-may-bay-tiep-nhien-lieu-moi-cua-trung-quoc-1378690.html','https://thanhnien.vn/the-gioi/canh-bao-ve-may-bay-tiep-nhien-lieu-moi-cua-trung-quoc-1378690.html',NULL,NULL,0),(90,'Nga ráo riết củng cố sức mạnh quân sự ở Trung Á khi Mỹ rút quân','Với thời hạn Mỹ rút quân hoàn toàn khỏi Afghanistan đang đến gần, Nga đang tăng cường hỗ trợ quân sự cho các láng giềng ở Trung Á.',25,31,'https://thanhnien.vn/the-gioi/nga-rao-riet-cung-co-suc-manh-quan-su-o-trung-a-khi-my-rut-quan-1390957.html','https://thanhnien.vn/the-gioi/nga-rao-riet-cung-co-suc-manh-quan-su-o-trung-a-khi-my-rut-quan-1390957.html',NULL,NULL,0),(91,'Lãnh địa của ông Trump','Cố vấn của cựu Tổng thống Mỹ Donald Trump tin rằng mạng xã hội của ông Trump sắp tới sẽ thu hút hàng chục triệu người dùng và “hoàn toàn định nghĩa lại cuộc chơi”.',26,33,'https://thanhnien.vn/the-gioi/lanh-dia-cua-ong-trump-1378969.html','https://thanhnien.vn/the-gioi/lanh-dia-cua-ong-trump-1378969.html',NULL,NULL,0),(92,'Khi các thương hiệu phương Tây đối đầu với Trung Quốc','Sau khi bày tỏ quan ngại về cáo buộc cưỡng ép lao động ở Tân Cương, nhiều thương hiệu phương Tây đang đối diện làn sóng tẩy chay ở Trung Quốc, nên dường như đã có động thái nhượng bộ.',27,32,'https://thanhnien.vn/the-gioi/khi-cac-thuong-hieu-phuong-tay-doi-dau-voi-trung-quoc-1363414.html','https://thanhnien.vn/the-gioi/khi-cac-thuong-hieu-phuong-tay-doi-dau-voi-trung-quoc-1363414.html',NULL,NULL,0),(93,'Iran suýt trở thành một nước cộng hòa của Liên bang Xô viết','Phát triển cách mạng sang phương Đông, nước Nga Xô Viết đã chạm được đến Iran của các lãnh chúa Ba Tư.',27,34,'https://thanhnien.vn/the-gioi/iran-suyt-tro-thanh-mot-nuoc-cong-hoa-cua-lien-bang-xo-viet-1356470.html','https://thanhnien.vn/the-gioi/iran-suyt-tro-thanh-mot-nuoc-cong-hoa-cua-lien-bang-xo-viet-1356470.html',NULL,NULL,0),(94,'Tranh cãi kế hoạch răn đe hạt nhân của Mỹ','Quân đội Mỹ đang trong quá trình thay thế các tên lửa đạn đạo liên lục địa Minuteman III bằng loại tên lửa mới nhưng có những ý kiến cho rằng nên loại bỏ hoàn toàn loại vũ khí hạt nhân này.',27,35,'https://thanhnien.vn/the-gioi/tranh-cai-ke-hoach-ran-de-hat-nhan-cua-my-1353902.html','https://thanhnien.vn/the-gioi/tranh-cai-ke-hoach-ran-de-hat-nhan-cua-my-1353902.html',NULL,NULL,0),(95,'Cựu quan chức Mỹ: Covid-19 có thể là vũ khí sinh học của Trung Quốc','Cựu quan chức Mỹ từng phụ trách điều tra về dịch bệnh cho rằng virus gây Covid-19 là vũ khí sinh học của Trung Quốc bị rò rỉ.',27,31,'https://thanhnien.vn/the-gioi/cuu-quan-chuc-my-covid-19-co-the-la-vu-khi-sinh-hoc-cua-trung-quoc-1353477.html','https://thanhnien.vn/the-gioi/cuu-quan-chuc-my-covid-19-co-the-la-vu-khi-sinh-hoc-cua-trung-quoc-1353477.html',NULL,NULL,0),(96,'Người Việt ở Mỹ cảnh báo về thuyết âm mưu','Theo trang BuzzFeed News, nhiều người trẻ gốc Việt ở Mỹ đang lo ngại về tình trạng cha mẹ họ trở thành nạn nhân của các thuyết âm mưu liên quan đến vắc xin Covid-19, đồng thời kêu gọi các công ty mạng xã hội lưu ý hơn.',28,31,'https://thanhnien.vn/the-gioi/nguoi-viet-o-my-canh-bao-ve-thuyet-am-muu-1377078.html','https://thanhnien.vn/the-gioi/nguoi-viet-o-my-canh-bao-ve-thuyet-am-muu-1377078.html',NULL,NULL,0),(97,'Cựu thực tập sinh Việt tố bị quấy rối tình dục ở Nhật','Một phụ nữ người Việt 30 tuổi mới đây kể với phóng viên Đài NHK về tình trạng cô bị quấy rối tình dục khi còn làm việc theo chương trình thực tập sinh ở Nhật Bản.',28,32,'https://thanhnien.vn/the-gioi/cuu-thuc-tap-sinh-viet-to-bi-quay-roi-tinh-duc-o-nhat-1377082.html','https://thanhnien.vn/the-gioi/cuu-thuc-tap-sinh-viet-to-bi-quay-roi-tinh-duc-o-nhat-1377082.html',NULL,NULL,0),(98,'Đại sứ kể chuyện \'giành suất\' ngoại giao cho kỹ sư Việt nhiễm Covid-19 nhập viện ở Ấn Độ','Đại sứ Việt Nam tại Ấn Độ Phạm Sanh Châu chia sẻ tình hình Covid-19 ở Ấn Độ kinh khủng đến nỗi chưa bao giờ ông cảm thấy lằn ranh giữa cái chết và sự sống lại mỏng manh đến thế.',28,33,'https://thanhnien.vn/the-gioi/dai-su-ke-chuyen-gianh-suat-ngoai-giao-cho-ky-su-viet-nhiem-covid-19-nhap-vien-o-an-do-1373217.html','https://thanhnien.vn/the-gioi/dai-su-ke-chuyen-gianh-suat-ngoai-giao-cho-ky-su-viet-nhiem-covid-19-nhap-vien-o-an-do-1373217.html',NULL,NULL,0),(99,'Một người chi 28 triệu USD để du hành vũ trụ cùng tỉ phú Bezos','Công ty của tỉ phú giàu nhất thế giới Jeff Bezos đã đấu giá thành công chiếc vé cho người sẽ cùng ông và em trai du hành vũ trụ.',29,31,'https://thanhnien.vn/the-gioi/mot-nguoi-chi-28-trieu-usd-de-du-hanh-vu-tru-cung-ti-phu-bezos-1398056.html','https://thanhnien.vn/the-gioi/mot-nguoi-chi-28-trieu-usd-de-du-hanh-vu-tru-cung-ti-phu-bezos-1398056.html',NULL,NULL,0),(100,'\'Yêu\' và \'không quan tâm\': Cuộc chiến áo khoác của 2 đời đệ nhất phu nhân Mỹ','Áo khoác của bà Jill Biden mang dòng chữ “Love”, trái ngược với thông điệp trên chiếc áo khoác của cựu đệ nhất phu nhân Melania Trump từng mặc.',29,31,'https://thanhnien.vn/the-gioi/yeu-va-khong-quan-tam-cuoc-chien-ao-khoac-cua-2-doi-de-nhat-phu-nhan-my-1397218.html','https://thanhnien.vn/the-gioi/yeu-va-khong-quan-tam-cuoc-chien-ao-khoac-cua-2-doi-de-nhat-phu-nhan-my-1397218.html',NULL,NULL,0),(101,'Danh sách những thành phố đáng sống bị xáo trộn lớn do dịch Covid-19','Nhiều thành phố ở châu Á - Thái Bình Dương vươn lên ngoạn mục, thế chỗ các thành phố châu Á trong danh sách những thành phố đáng sống.',29,31,'https://thanhnien.vn/the-gioi/danh-sach-nhung-thanh-pho-dang-song-bi-xao-tron-lon-do-dich-covid-19-1396236.html','https://thanhnien.vn/the-gioi/danh-sach-nhung-thanh-pho-dang-song-bi-xao-tron-lon-do-dich-covid-19-1396236.html',NULL,NULL,0),(102,'Indonesia truy tìm chủ nhân ‘biệt thự khiêu dâm’ ở Bali','Đoạn phim khiêu dâm xuất hiện trên mạng giúp cơ quan chức năng ở Bali xác định được căn biệt thự đã được dùng để ghi hình, nhưng chủ nhân đã bỏ trốn.',29,31,'https://thanhnien.vn/the-gioi/indonesia-truy-tim-chu-nhan-biet-thu-khieu-dam-o-bali-1396249.html','https://thanhnien.vn/the-gioi/indonesia-truy-tim-chu-nhan-biet-thu-khieu-dam-o-bali-1396249.html',NULL,NULL,0),(103,'Đồng xu có gì lạ mà được giá hơn 432 tỉ đồng?','Kỷ lục về đồng xu đắt nhất thế giới thuộc về một đồng xu vàng duy nhất được phép sở hữu tư nhân trong phiên bản năm 1933 và chưa từng được lưu hành.',29,31,'https://thanhnien.vn/the-gioi/dong-xu-co-gi-la-ma-duoc-gia-hon-432-ti-dong-1396096.html','https://thanhnien.vn/the-gioi/dong-xu-co-gi-la-ma-duoc-gia-hon-432-ti-dong-1396096.html',NULL,NULL,0),(104,'Mạo danh ông Trump quyên tiền \'tái tranh cử\', lừa hàng trăm nạn nhân','Một người đàn ông ở Mỹ mạo danh ông Trump và người thân của cựu tổng thống này để lừa đảo với danh nghĩa “gây quỹ tái tranh cử”.',29,31,'https://thanhnien.vn/the-gioi/mao-danh-ong-trump-lua-tien-hang-tram-nan-nhan-1396075.html','https://thanhnien.vn/the-gioi/mao-danh-ong-trump-lua-tien-hang-tram-nan-nhan-1396075.html',NULL,NULL,0),(105,'Thống đốc Nga mở tiệc thịt nướng giữa mùa cháy rừng','Quan chức Nga thừa nhận ông đã bị phạt vì mở tiệc thịt nướng giữa mùa cháy rừng.',29,31,'https://thanhnien.vn/the-gioi/thong-doc-nga-mo-tiec-thit-nuong-giua-mua-chay-rung-1396040.html','https://thanhnien.vn/the-gioi/thong-doc-nga-mo-tiec-thit-nuong-giua-mua-chay-rung-1396040.html',NULL,NULL,0),(106,'Kỳ lạ loài luân trùng sau 24.000 năm đóng băng vẫn sinh sản được','Loài sinh vật đa bào không xương sống được phát hiện có khả năng sinh sản trở lại sau khi bị đóng băng 24.000 năm trong lớp băng vĩnh cữu.',29,31,'https://thanhnien.vn/the-gioi/ky-la-loai-luan-trung-sau-24000-nam-dong-bang-van-sinh-san-duoc-1395563.html','https://thanhnien.vn/the-gioi/ky-la-loai-luan-trung-sau-24000-nam-dong-bang-van-sinh-san-duoc-1395563.html',NULL,NULL,0),(107,'Vải thiều Bắc Giang lên 6 sàn thương mại điện tử','Ngày 3.6, Sở Công thương Bắc Giang cho biết, quả vải thiều – đặc sản của tỉnh đã có mặt trên 6 sàn thương mại điện tử.',30,36,'https://thanhnien.vn/tai-chinh-kinh-doanh/kinh-te-xanh/vai-thieu-bac-giang-len-6-san-thuong-mai-dien-tu-1393342.html','https://thanhnien.vn/tai-chinh-kinh-doanh/kinh-te-xanh/vai-thieu-bac-giang-len-6-san-thuong-mai-dien-tu-1393342.html',NULL,NULL,0),(108,'Tiêu thụ điện lại liên tiếp lập kỷ lục mới','Trong 2 ngày 31.5 và 1.6, sản lượng điện tiêu thụ đã liên tục lập các kỷ lục mới.',30,37,'https://thanhnien.vn/tai-chinh-kinh-doanh/kinh-te-xanh/tieu-thu-dien-lai-lien-tiep-lap-ky-luc-moi-1392697.html','https://thanhnien.vn/tai-chinh-kinh-doanh/kinh-te-xanh/tieu-thu-dien-lai-lien-tiep-lap-ky-luc-moi-1392697.html',NULL,NULL,0),(109,'Thủ tướng: \'Tăng trưởng xanh luôn là mục tiêu ưu tiên của Việt Nam\'','Thủ tướng khẳng định, là quốc gia chịu tác động nặng nề do biến đổi khí hậu nên Việt Nam luôn xác định tăng trưởng xanh là mục tiêu, nhiệm vụ trọng tâm trong chiến lược phát triển bền vững.',30,37,'https://thanhnien.vn/tai-chinh-kinh-doanh/kinh-te-xanh/thu-tuong-tang-truong-xanh-luon-la-muc-tieu-uu-tien-cua-viet-nam-1390330.html','https://thanhnien.vn/tai-chinh-kinh-doanh/kinh-te-xanh/thu-tuong-tang-truong-xanh-luon-la-muc-tieu-uu-tien-cua-viet-nam-1390330.html',NULL,NULL,0),(110,'Xử lý nghiêm hành vi khai thác vàng trái phép','Phó thủ tướng thường trực Trương Hoà Bình yêu cầu Bộ Công an, Bộ TN-MT, Bộ Công thương và UBND các tỉnh, thành phố xử lý nghiêm hành vi khai thác trái phép khoáng sản, nhất là vàng.',30,38,'https://thanhnien.vn/tai-chinh-kinh-doanh/kinh-te-xanh/xu-ly-nghiem-hanh-vi-khai-thac-vang-trai-phep-1390220.html','https://thanhnien.vn/tai-chinh-kinh-doanh/kinh-te-xanh/xu-ly-nghiem-hanh-vi-khai-thac-vang-trai-phep-1390220.html',NULL,NULL,0),(111,'Số thuế gia hạn hơn 21.000 tỉ đồng sau 1 tháng triển khai','Theo Tổng cục Thuế, số tiền gia hạn theo Nghị định 52/2021 của Chính phủ tính đến cuối tháng 5 ước tính đạt hơn 21.000 tỉ đồng.',31,39,'https://thanhnien.vn/tai-chinh-kinh-doanh/so-thue-gia-han-hon-21000-ti-dong-sau-1-thang-trien-khai-1398282.html','https://thanhnien.vn/tai-chinh-kinh-doanh/so-thue-gia-han-hon-21000-ti-dong-sau-1-thang-trien-khai-1398282.html',NULL,NULL,0),(112,'Phát hiện hơn chục hành khách dùng giấy phép lái xe giả đi máy bay','6 tháng đầu năm 2021, an ninh sân bay cả nước đã phát hiện 13 trường hợp dùng giấy phép lái xe giả đi máy bay.',31,40,'https://thanhnien.vn/tai-chinh-kinh-doanh/phat-hien-hon-chuc-hanh-khach-dung-giay-phep-lai-xe-gia-di-may-bay-1398266.html','https://thanhnien.vn/tai-chinh-kinh-doanh/phat-hien-hon-chuc-hanh-khach-dung-giay-phep-lai-xe-gia-di-may-bay-1398266.html',NULL,NULL,0),(113,'Ủng hộ ưu đãi thuế cho sản xuất ô tô điện','Bộ Công thương ủng hộ ưu đãi thuế đối với sản xuất xe ô tô điện chạy pin.',31,37,'https://thanhnien.vn/tai-chinh-kinh-doanh/ung-ho-uu-dai-thue-cho-san-xuat-o-to-dien-1397631.html','https://thanhnien.vn/tai-chinh-kinh-doanh/ung-ho-uu-dai-thue-cho-san-xuat-o-to-dien-1397631.html',NULL,NULL,0),(114,'TP.HCM chạy đua giải bài toán vắc xin','Sự tính toán các kịch bản đều được xây dựng dựa trên “chìa khóa” vắc xin - con đường duy nhất để “thế giới trở lại bình thường”.',31,41,'https://thanhnien.vn/tai-chinh-kinh-doanh/tphcm-chay-dua-giai-bai-toan-vac-xin-1397433.html','https://thanhnien.vn/tai-chinh-kinh-doanh/tphcm-chay-dua-giai-bai-toan-vac-xin-1397433.html',NULL,NULL,0),(115,'Vắc xin Covid-19 Nano Covax của Việt Nam có thể sản xuất 8 triệu liều/tháng','Tối 11.6, đại diện Công ty Nanogen cho biết, năng lực sản xuất thành phẩm vắc xin Nano Covax tại nhà máy của công ty đạt 8 triệu liều mỗi tháng.',31,41,'https://thanhnien.vn/tai-chinh-kinh-doanh/vac-xin-covid-19-nano-covax-cua-viet-nam-co-the-san-xuat-8-trieu-lieungay-1397579.html','https://thanhnien.vn/tai-chinh-kinh-doanh/vac-xin-covid-19-nano-covax-cua-viet-nam-co-the-san-xuat-8-trieu-lieungay-1397579.html',NULL,NULL,0),(116,'Phát triển sâm Ngọc Linh thành ngành kinh tế mũi nhọn của đất nước','UBND tỉnh Quảng Nam vừa trình Thủ tướng Chính phủ tờ trình về việc đề nghị xây dựng và phê duyệt Chương trình quốc gia phát triển sâm Ngọc Linh (sâm Việt Nam).',31,7,'https://thanhnien.vn/tai-chinh-kinh-doanh/phat-trien-sam-ngoc-linh-thanh-nganh-kinh-te-mui-nhon-cua-dat-nuoc-1396643.html','https://thanhnien.vn/tai-chinh-kinh-doanh/phat-trien-sam-ngoc-linh-thanh-nganh-kinh-te-mui-nhon-cua-dat-nuoc-1396643.html',NULL,NULL,0),(117,'Doanh nghiệp phá sản nhưng ngân hàng lãi \'khủng\'','Sáng 10.6, Ủy ban Kinh tế của Quốc hội họp phiên mở rộng thẩm tra sơ bộ báo cáo kinh tế, xã hội 5 tháng đầu năm 2021 và giải pháp cho 6 tháng cuối năm...',31,3,'https://thanhnien.vn/tai-chinh-kinh-doanh/doanh-nghiep-pha-san-nhung-ngan-hang-lai-khung-1397006.html','https://thanhnien.vn/tai-chinh-kinh-doanh/doanh-nghiep-pha-san-nhung-ngan-hang-lai-khung-1397006.html',NULL,NULL,0),(118,'Thanh toán trực tuyến nghĩa vụ tài chính về đất đai của cá nhân','Tổng cục Thuế ban hành công văn số 1586 gửi Cục Thuế các tỉnh, thành phố tổ chức triển khai thanh toán điện tử nghĩa vụ tài chính về đất đai trên Cổng Dịch vụ công Quốc gia.',31,39,'https://thanhnien.vn/tai-chinh-kinh-doanh/thanh-toan-truc-tuyen-nghia-vu-tai-chinh-ve-dat-dai-cua-ca-nhan-1396795.html','https://thanhnien.vn/tai-chinh-kinh-doanh/thanh-toan-truc-tuyen-nghia-vu-tai-chinh-ve-dat-dai-cua-ca-nhan-1396795.html',NULL,NULL,0),(119,'Sẽ tiêm vắc xin ngừa Covid-19 cho toàn bộ người dân TP.HCM','Thông tin trên được ông Nguyễn Thành Phong - Chủ tịch UBND TP.HCM đưa ra tại Hội nghị gặp gỡ giữa lãnh đạo TP.HCM với doanh nghiệp bị ảnh hưởng Covid-19 tổ chức sáng nay 10.6.',31,41,'https://thanhnien.vn/tai-chinh-kinh-doanh/se-tiem-vac-xin-ngua-covid-19-cho-toan-bo-nguoi-dan-tphcm-1396664.html','https://thanhnien.vn/tai-chinh-kinh-doanh/se-tiem-vac-xin-ngua-covid-19-cho-toan-bo-nguoi-dan-tphcm-1396664.html',NULL,NULL,0),(120,'Doanh nghiệp nước ngoài làm thủ tục nhập khẩu vàng nguyên liệu một cửa','Nội dung này được đề cập tại dự thảo Thông tư sửa đổi bổ sung một số điều Thông tư 16/2012 hướng dẫn Nghị định 24/2012 của Chính phủ về quản lý hoạt động kinh doanh vàng đang được Ngân hàng Nhà nước lấy ý kiến.',32,39,'https://thanhnien.vn/tai-chinh-kinh-doanh/doanh-nghiep-nuoc-ngoai-lam-thu-tuc-nhap-khau-vang-nguyen-lieu-mot-cua-1398309.html','https://thanhnien.vn/tai-chinh-kinh-doanh/doanh-nghiep-nuoc-ngoai-lam-thu-tuc-nhap-khau-vang-nguyen-lieu-mot-cua-1398309.html',NULL,NULL,0),(121,'Giá USD hôm nay 12.6.2021: Đô la tự do hồi phục','Giá USD tự do đã tăng cùng chiều với đà lên khá mạnh đô la thế giới vào ngày 12.6.',32,39,'https://thanhnien.vn/tai-chinh-kinh-doanh/gia-usd-hom-nay-1262021-do-la-tu-do-hoi-phuc-1397690.html','https://thanhnien.vn/tai-chinh-kinh-doanh/gia-usd-hom-nay-1262021-do-la-tu-do-hoi-phuc-1397690.html',NULL,NULL,0),(122,'Ngân hàng lợi nhuận khủng giữa đại dịch','Nghịch lý các nhà băng thu lợi khủng thì nhiều doanh nghiệp, kể cả những doanh nghiệp lớn phá sản được các đại biểu Quốc hội nêu ra trong phiên họp mới đây khiến nhiều người bức xúc.',32,39,'https://thanhnien.vn/tai-chinh-kinh-doanh/ngan-hang-loi-nhuan-khung-giua-dai-dich-1397605.html','https://thanhnien.vn/tai-chinh-kinh-doanh/ngan-hang-loi-nhuan-khung-giua-dai-dich-1397605.html',NULL,NULL,0),(123,'Giá USD hôm nay 11.6.2021: Đô la tự do giảm sâu','Giá USD tự do ngày 11.6 giảm sâu, xuống gần mức giá niêm yết trong ngân hàng, nâng mức giảm hơn 1.000 đồng/USD so với cuối tháng 3, tương ứng hơn 4,1%.',32,39,'https://thanhnien.vn/tai-chinh-kinh-doanh/gia-usd-hom-nay-1162021-do-la-tu-do-giam-sau-1397084.html','https://thanhnien.vn/tai-chinh-kinh-doanh/gia-usd-hom-nay-1162021-do-la-tu-do-giam-sau-1397084.html',NULL,NULL,0),(124,'Giá USD hôm nay 10.6.2021:  Đứng yên \'ngóng\' thông tin','Sau khi có những biến động khá mạnh, giá USD ngày 10.6 ổn định trở lại trước khi thị trường có những thông tin mới như chỉ số CPI của Mỹ để định hướng đi mới.',32,39,'https://thanhnien.vn/tai-chinh-kinh-doanh/gia-usd-hom-nay-1062021-dung-yen-ngong-thong-tin-1396597.html','https://thanhnien.vn/tai-chinh-kinh-doanh/gia-usd-hom-nay-1062021-dung-yen-ngong-thong-tin-1396597.html',NULL,NULL,0),(125,'Tỷ giá liên tục giảm','Động thái giảm mạnh giá mua USD tới 150 đồng, mức cao nhất từ trước đến nay của Ngân hàng Nhà nước mới đây khiến thị trường khó hiểu.',32,39,'https://thanhnien.vn/tai-chinh-kinh-doanh/ty-gia-lien-tuc-giam-1396523.html','https://thanhnien.vn/tai-chinh-kinh-doanh/ty-gia-lien-tuc-giam-1396523.html',NULL,NULL,0),(126,'Giá vàng hôm nay 9.6.2021: Thế giới tăng thì SJC lại giảm','Kim loại quý đã có những biến động không có xu hướng rõ rệt trong ngày 9.6 mà theo giới chuyên gia, nhằm chờ đợi những thông tin về lạm phát Mỹ sắp được công bố.',32,39,'https://thanhnien.vn/tai-chinh-kinh-doanh/gia-vang-hom-nay-962021-the-gioi-tang-thi-sjc-lai-giam-1396022.html','https://thanhnien.vn/tai-chinh-kinh-doanh/gia-vang-hom-nay-962021-the-gioi-tang-thi-sjc-lai-giam-1396022.html',NULL,NULL,0),(127,'Ngân hàng Nhà nước giảm mạnh giá mua USD','Sáng 8.6, Sở giao dịch Ngân hàng Nhà nước giảm mạnh giá mua 150 đồng/USD so với phiên trước đó.',32,39,'https://thanhnien.vn/tai-chinh-kinh-doanh/ngan-hang-nha-nuoc-giam-manh-gia-mua-usd-1395599.html','https://thanhnien.vn/tai-chinh-kinh-doanh/ngan-hang-nha-nuoc-giam-manh-gia-mua-usd-1395599.html',NULL,NULL,0),(128,'Đến lượt cổ phiếu dược, y tế ‘tím lịm’ khi nhu cầu vắc xin Covid-19 lớn','Thị trường chứng khoán Việt Nam tiếp tục tăng mạnh trong phiên cuối tuần với thanh khoản lập kỷ lục.',33,42,'https://thanhnien.vn/tai-chinh-kinh-doanh/den-luot-co-phieu-duoc-y-te-tim-lim-khi-nhu-cau-vac-xin-covid-19-lon-1393840.html','https://thanhnien.vn/tai-chinh-kinh-doanh/den-luot-co-phieu-duoc-y-te-tim-lim-khi-nhu-cau-vac-xin-covid-19-lon-1393840.html',NULL,NULL,0),(129,'Thuế, phí nộp đủ, chứng khoán vẫn chập chờn','Nghẽn lệnh, dừng giao dịch, mạng chập chờn là tình trạng của nhà đầu tư khi giao dịch cổ phiếu tại Sở Giao dịch chứng khoán TP.HCM (HOSE) trong hơn nửa năm qua và chưa biết đến khi nào chấm dứt.',33,42,'https://thanhnien.vn/tai-chinh-kinh-doanh/thue-phi-nop-du-chung-khoan-van-chap-chon-1393552.html','https://thanhnien.vn/tai-chinh-kinh-doanh/thue-phi-nop-du-chung-khoan-van-chap-chon-1393552.html',NULL,NULL,0),(130,'Nhà đầu tư rót gần 37.000 tỉ đồng mua cổ phiếu','Thị trường chứng khoán ngày 3.6 tăng vọt cả về điểm số lẫn thanh khoản bất chấp giao dịch chập chờn trên sàn TP.HCM.',33,42,'https://thanhnien.vn/tai-chinh-kinh-doanh/nha-dau-tu-rot-gan-37000-ti-dong-mua-co-phieu-1393305.html','https://thanhnien.vn/tai-chinh-kinh-doanh/nha-dau-tu-rot-gan-37000-ti-dong-mua-co-phieu-1393305.html',NULL,NULL,0),(131,'Chứng khoán đang \'thống trị\' dòng tiền trên thị trường ?','Có 100 - 200 triệu đồng, đầu tư vào đâu sinh lời nhiều nhất có lẽ là câu hỏi của nhiều người trong bối cảnh dịch Covid-19 đang diễn biến phức tạp hiện nay.',33,39,'https://thanhnien.vn/tai-chinh-kinh-doanh/bo-tien-nhan-roi-vao-dau-1392986.html','https://thanhnien.vn/tai-chinh-kinh-doanh/bo-tien-nhan-roi-vao-dau-1392986.html',NULL,NULL,0),(132,'Mới giao dịch hơn 9.000 tỉ đồng, sàn HOSE đã bị tê liệt','Giao dịch chập chờn từ đầu phiên, đến khoảng 10 giờ 30 sàn HOSE chính thức bị nghẽn lệnh.',33,42,'https://thanhnien.vn/tai-chinh-kinh-doanh/moi-giao-dich-hon-9000-ti-dong-san-hose-da-bi-te-liet-1392641.html','https://thanhnien.vn/tai-chinh-kinh-doanh/moi-giao-dich-hon-9000-ti-dong-san-hose-da-bi-te-liet-1392641.html',NULL,NULL,0),(133,'Nhà đầu tư được khuyến nghị hạn chế sửa lệnh để tránh quá tải cho HOSE','Sáng nay (2.6), thị trường chứng khoán bước vào giao dịch với sự hồi hộp của nhà đầu tư sau khi Sở Giao dịch chứng khoán TP.HCM (HOSE) đã ngừng phiên chiều 1.6.',33,42,'https://thanhnien.vn/tai-chinh-kinh-doanh/nha-dau-tu-duoc-khuyen-nghi-han-che-sua-lenh-de-tranh-qua-tai-cho-hose-1392578.html','https://thanhnien.vn/tai-chinh-kinh-doanh/nha-dau-tu-duoc-khuyen-nghi-han-che-sua-lenh-de-tranh-qua-tai-cho-hose-1392578.html',NULL,NULL,0),(134,'FPT vẫn đang xử lý tình trạng nghẽn lệnh cùng HOSE','Chiều 1.6, FPT đã có một số thông tin ban đầu về quá trình xử lý tình trạng nghẽn lệnh trên HOSE.',33,42,'https://thanhnien.vn/tai-chinh-kinh-doanh/fpt-van-dang-xu-ly-tinh-trang-nghen-lenh-cung-hose-1392270.html','https://thanhnien.vn/tai-chinh-kinh-doanh/fpt-van-dang-xu-ly-tinh-trang-nghen-lenh-cung-hose-1392270.html',NULL,NULL,0),(135,'Giá trị giao dịch tăng khủng, HOSE nghẽn tới mức ngưng phiên chiều 1.6','Giá trị giao dịch sàn chứng khoán tăng khủng, HOSE ngưng giao dịch phiên chiều 1.6.',33,39,'https://thanhnien.vn/tai-chinh-kinh-doanh/gia-tri-giao-dich-chung-khoan-tang-khung-hose-ngung-phien-chieu-16-1392134.html','https://thanhnien.vn/tai-chinh-kinh-doanh/gia-tri-giao-dich-chung-khoan-tang-khung-hose-ngung-phien-chieu-16-1392134.html',NULL,NULL,0),(136,'Cổ phiếu \'vua\' trở lại','Hơn 1 thập kỷ, cổ phiếu ngân hàng giờ đây lại được nhiều người gọi tên cũ \"cổ phiếu vua\" với mức tăng khủng.',33,39,'https://thanhnien.vn/tai-chinh-kinh-doanh/co-phieu-vua-tro-lai-1391907.html','https://thanhnien.vn/tai-chinh-kinh-doanh/co-phieu-vua-tro-lai-1391907.html',NULL,NULL,0),(137,'Cổ phiếu ngân hàng, chứng khoán nhỏ đua nhau \'tím lịm\'','Thị trường chứng khoán Việt Nam tiếp tục lập đỉnh mới trong phiên đầu tuần.',33,42,'https://thanhnien.vn/tai-chinh-kinh-doanh/co-phieu-ngan-hang-chung-khoan-nho-dua-nhau-tim-lim-1391587.html','https://thanhnien.vn/tai-chinh-kinh-doanh/co-phieu-ngan-hang-chung-khoan-nho-dua-nhau-tim-lim-1391587.html',NULL,NULL,0),(138,'Tiền ào ào đổ vào chứng khoán','Sự bùng nổ của thị trường chứng khoán đã tạo số thu thuế tăng đột biến thời gian qua.',33,39,'https://thanhnien.vn/tai-chinh-kinh-doanh/chung-khoan-thang-hoa-thue-dong-tang-vot-1390410.html','https://thanhnien.vn/tai-chinh-kinh-doanh/chung-khoan-thang-hoa-thue-dong-tang-vot-1390410.html',NULL,NULL,0),(139,'Cổ phiếu ngân hàng, chứng khoán kéo nhau đi xuống','Các chỉ số chứng khoán đồng loạt điều chỉnh sau khi liên tiếp lập đỉnh lịch sử.',33,42,'https://thanhnien.vn/tai-chinh-kinh-doanh/co-phieu-ngan-hang-chung-khoan-keo-nhau-di-xuong-1389688.html','https://thanhnien.vn/tai-chinh-kinh-doanh/co-phieu-ngan-hang-chung-khoan-keo-nhau-di-xuong-1389688.html',NULL,NULL,0),(140,'Chứng khoán lập đỉnh trong tình trạng \'xanh vỏ đỏ lòng\'','Thị trường chứng khoán ngày 26.5 tiếp tục đi lên nhưng số cổ phiếu giảm giá lại chiếm áp đảo trên sàn.',33,42,'https://thanhnien.vn/tai-chinh-kinh-doanh/chung-khoan-lap-dinh-trong-tinh-trang-xanh-vo-do-long-1389172.html','https://thanhnien.vn/tai-chinh-kinh-doanh/chung-khoan-lap-dinh-trong-tinh-trang-xanh-vo-do-long-1389172.html',NULL,NULL,0),(141,'Hàng ngàn tỉ đồng tiếp tục rót vào trái phiếu ngân hàng, doanh nghiệp','Chỉ trong tháng 5, nhiều đợt phát hành trái phiếu hàng ngàn tỉ đồng đều thành công.',33,42,'https://thanhnien.vn/tai-chinh-kinh-doanh/hang-ngan-ti-dong-tiep-tuc-rot-vao-trai-phieu-ngan-hang-doanh-nghiep-1389123.html','https://thanhnien.vn/tai-chinh-kinh-doanh/hang-ngan-ti-dong-tiep-tuc-rot-vao-trai-phieu-ngan-hang-doanh-nghiep-1389123.html',NULL,NULL,0),(142,'Cổ phiếu thép, ngân hàng đẩy VN-Index vượt 1.300 điểm','Đà tăng của thị trường chứng khoán Việt Nam tiếp tục diễn ra và đưa VN-Index có đỉnh cao mới.',33,42,'https://thanhnien.vn/tai-chinh-kinh-doanh/co-phieu-thep-ngan-hang-day-vn-index-vuot-1300-diem-1388679.html','https://thanhnien.vn/tai-chinh-kinh-doanh/co-phieu-thep-ngan-hang-day-vn-index-vuot-1300-diem-1388679.html',NULL,NULL,0),(143,'84% các doanh nghiệp nhỏ và vừa gặp khó khăn do tái dịch Covid-19 lần thứ 4','Ông Chu Tiến Dũng, Chủ tịch Hiệp hội Doanh nghiệp TP.HCM (HUBA) công bố con số trên từ khảo sát của Hiệp hội tại Hội nghị gặp gỡ giữa lãnh đạo TP.HCM và doanh nghiệp bị ảnh hưởng bởi dịch Covid-19 sáng nay 10.6.',34,41,'https://thanhnien.vn/tai-chinh-kinh-doanh/84-cac-doanh-nghiep-nho-va-vua-gap-kho-khan-do-tai-dich-covid-19-lan-thu-4-1396610.html','https://thanhnien.vn/tai-chinh-kinh-doanh/84-cac-doanh-nghiep-nho-va-vua-gap-kho-khan-do-tai-dich-covid-19-lan-thu-4-1396610.html',NULL,NULL,0),(144,'Doanh nghiệp nội soán ngôi thị trường bán lẻ','Hàng loạt tập đoàn, doanh nghiệp lớn tham gia vào thị trường bán lẻ khiến cán cân dần nghiêng về phía thương hiệu nội.',34,42,'https://thanhnien.vn/tai-chinh-kinh-doanh/doanh-nghiep-noi-soan-ngoi-thi-truong-ban-le-1396519.html','https://thanhnien.vn/tai-chinh-kinh-doanh/doanh-nghiep-noi-soan-ngoi-thi-truong-ban-le-1396519.html',NULL,NULL,0),(145,'Tài sản tỉ phú USD của Việt Nam tăng vọt trong năm 2020','Theo ghi nhận của tạp chí Forbes, hiện Việt Nam có 6 tỉ phú USD và tài sản đều gia tăng.',35,42,'https://thanhnien.vn/tai-chinh-kinh-doanh/tai-san-ti-phu-usd-cua-viet-nam-tang-vot-trong-nam-2020-1324741.html','https://thanhnien.vn/tai-chinh-kinh-doanh/tai-san-ti-phu-usd-cua-viet-nam-tang-vot-trong-nam-2020-1324741.html',NULL,NULL,0),(146,'Cựu phó thủ tướng Đức gốc Việt đưa các nhà đầu tư vào Việt Nam','Cựu phó Thủ tướng Đức gốc Việt Philipp Rösler dẫn đầu một đoàn doanh nhân lớn đến Hà Nội chiều 22.11.',35,43,'https://thanhnien.vn/tai-chinh-kinh-doanh/cuu-pho-thu-tuong-duc-goc-viet-dua-cac-nha-dau-tu-vao-viet-nam-1307870.html','https://thanhnien.vn/tai-chinh-kinh-doanh/cuu-pho-thu-tuong-duc-goc-viet-dua-cac-nha-dau-tu-vao-viet-nam-1307870.html',NULL,NULL,0),(147,'‘Ông chủ\' Masan, Hòa Phát quay trở lại danh sách tỉ phú USD','Tài sản của tỉ phú Nguyễn Đăng Quang và ông Trần Đình Long tăng vọt sau khi giá cổ phiếu liên tục đi lên.',35,42,'https://thanhnien.vn/tai-chinh-kinh-doanh/ong-chu-masan-hoa-phat-quay-tro-lai-danh-sach-ti-phu-usd-1292909.html','https://thanhnien.vn/tai-chinh-kinh-doanh/ong-chu-masan-hoa-phat-quay-tro-lai-danh-sach-ti-phu-usd-1292909.html',NULL,NULL,0),(148,'Tài sản các tỉ phú Việt giữa vòng xoáy Covid-19','Số lượng người giàu của Việt Nam được nhiều tổ chức nước ngoài dự báo tiếp tục gia tăng mạnh, bất chấp dịch Covid-19 diễn ra đã làm hao hụt tài sản của nhiều người.',35,42,'https://thanhnien.vn/tai-chinh-kinh-doanh/tai-san-cac-ti-phu-viet-giua-vong-xoay-covid-19-1291708.html','https://thanhnien.vn/tai-chinh-kinh-doanh/tai-san-cac-ti-phu-viet-giua-vong-xoay-covid-19-1291708.html',NULL,NULL,0),(149,'Doanh nghiệp nội soán ngôi thị trường bán lẻ','Hàng loạt tập đoàn, doanh nghiệp lớn tham gia vào thị trường bán lẻ khiến cán cân dần nghiêng về phía thương hiệu nội.',36,42,'https://thanhnien.vn/tai-chinh-kinh-doanh/doanh-nghiep-noi-soan-ngoi-thi-truong-ban-le-1396519.html','https://thanhnien.vn/tai-chinh-kinh-doanh/doanh-nghiep-noi-soan-ngoi-thi-truong-ban-le-1396519.html',NULL,NULL,0),(150,'Co.opmart giảm giá đến 50% cho sản phẩm khẩu trang, gel rửa tay','Các siêu thị, cửa hàng thuộc Liên hiệp Hợp tác xã Thương mại TP.HCM (Saigon Co.op) sẽ đồng loạt khuyến mãi, giảm giá thêm cho hàng ngàn sản phẩm nhu yếu phẩm và phòng chống dịch.',36,42,'https://thanhnien.vn/tai-chinh-kinh-doanh/coopmart-giam-gia-den-50-cho-san-pham-khau-trang-gel-rua-tay-1396201.html','https://thanhnien.vn/tai-chinh-kinh-doanh/coopmart-giam-gia-den-50-cho-san-pham-khau-trang-gel-rua-tay-1396201.html',NULL,NULL,0),(151,'Giá xăng dầu hôm nay 9.6.2021: Dầu thô Mỹ vọt trên mốc 70 USD/thùng','Loạt thông tin tích cực từ phía cung và cầu đẩy giá dầu tăng vọt. Lần đầu tiên sau gần 3 năm, dầu thô ngọt nhẹ WTI của Mỹ vọt lên trên mốc 70 USD/thùng.',36,41,'https://thanhnien.vn/tai-chinh-kinh-doanh/gia-xang-dau-hom-nay-962021-dau-tho-my-vot-tren-moc-70-usdthung-1396034.html','https://thanhnien.vn/tai-chinh-kinh-doanh/gia-xang-dau-hom-nay-962021-dau-tho-my-vot-tren-moc-70-usdthung-1396034.html',NULL,NULL,0),(152,'Giá xăng dầu hôm nay 8.6.2021: Hụt hơi vì Covid-19','Sự lây lan nhanh của dịch Covid-19 tại các nước châu Á, việc giảm nhập khẩu dầu... một lần nữa khiến giá dầu giảm mạnh sau khi vọt đỉnh 2 năm.',36,41,'https://thanhnien.vn/tai-chinh-kinh-doanh/gia-xang-dau-hom-nay-862021-hut-hoi-vi-covid-19-1395524.html','https://thanhnien.vn/tai-chinh-kinh-doanh/gia-xang-dau-hom-nay-862021-hut-hoi-vi-covid-19-1395524.html',NULL,NULL,0),(153,'Thêm Kido tham gia bán trà sữa','Bên cạnh các sản phẩm truyền thống là kem, bánh... hệ thống bán lẻ của Kido sẽ bán thêm trà, trà sữa, trà sữa trân châu...',36,42,'https://thanhnien.vn/tai-chinh-kinh-doanh/them-kido-tham-gia-ban-tra-sua-1395049.html','https://thanhnien.vn/tai-chinh-kinh-doanh/them-kido-tham-gia-ban-tra-sua-1395049.html',NULL,NULL,0),(154,'Chứng khoán có còn \'ngon ăn\' như năm trước ?','Có tiền nhàn rỗi bỏ vào đâu lại là câu hỏi hóc búa với nhiều người khi khởi động một năm tài chính mới.',37,42,'https://thanhnien.vn/tai-chinh-kinh-doanh/co-tien-nhan-roi-bo-vao-dau-1344274.html','https://thanhnien.vn/tai-chinh-kinh-doanh/co-tien-nhan-roi-bo-vao-dau-1344274.html',NULL,NULL,0),(155,'Ông mụ của những loài cá quý','Ở đồng bằng sông Cửu Long, nghề nuôi cá bè chẳng có gì lạ, nhưng thuần dưỡng và cho sinh sản hàng chục loài cá quý tự nhiên như cá cóc, trà sóc, cá hô, chạch lấu, xác sọc, cá koi, vồ cờ... thì chỉ có vợ chồng ông Bảy Bon.',37,44,'https://thanhnien.vn/tai-chinh-kinh-doanh/ong-mu-cua-nhung-loai-ca-quy-1331290.html','https://thanhnien.vn/tai-chinh-kinh-doanh/ong-mu-cua-nhung-loai-ca-quy-1331290.html',NULL,NULL,0),(156,'Hiệu quả cao từ nuôi heo bằng thảo mộc','Bà Lê Thị Liễu (47 tuổi, ở H.Hoài Ân, Bình Định) xây dựng trang trại nuôi hàng ngàn con heo theo công nghệ đệm lót sinh học, trong đó có 500 con được cho ăn thảo mộc, sẽ xuất bán trong dịp tết.',37,29,'https://thanhnien.vn/tai-chinh-kinh-doanh/hieu-qua-cao-tu-nuoi-heo-bang-thao-moc-1338020.html','https://thanhnien.vn/tai-chinh-kinh-doanh/hieu-qua-cao-tu-nuoi-heo-bang-thao-moc-1338020.html',NULL,NULL,0),(157,'Khai thác xa bờ vào vụ mới','Những ngày đầu năm 2021, ngư dân Phú Yên đang bước vào vụ khai thác xa bờ mới với nhiều kỳ vọng sau một năm chật vật vì sản lượng cá ngừ đại dương giảm cùng những ảnh hưởng của dịch bệnh Covid-19.',37,45,'https://thanhnien.vn/tai-chinh-kinh-doanh/khai-thac-xa-bo-vao-vu-moi-1334875.html','https://thanhnien.vn/tai-chinh-kinh-doanh/khai-thac-xa-bo-vao-vu-moi-1334875.html',NULL,NULL,0),(158,'Thủ phủ quất cảnh miền Trung lo thất thu vụ tết','Vào thời điểm này các năm, làng quất cảnh Cẩm Hà dường như đã “cháy hàng”.',37,7,'https://thanhnien.vn/tai-chinh-kinh-doanh/thu-phu-quat-canh-mien-trung-lo-that-thu-vu-tet-1328996.html','https://thanhnien.vn/tai-chinh-kinh-doanh/thu-phu-quat-canh-mien-trung-lo-that-thu-vu-tet-1328996.html',NULL,NULL,0),(159,'Mía \'đắng\' sau bão lũ','Những ai từng xem phim Mắt biếc đều mê đắm khung cảnh làng quê yên bình tuyệt đẹp của H.Quảng Điền (Thừa Thiên-Huế), trong đó có những cánh đồng mía đặc sản nổi tiếng. Thế nhưng, đợt bão lũ triền miên vừa qua đã làm những cánh đồng mía này chết đứng.',37,46,'https://thanhnien.vn/tai-chinh-kinh-doanh/mia-dang-sau-bao-lu-1327985.html','https://thanhnien.vn/tai-chinh-kinh-doanh/mia-dang-sau-bao-lu-1327985.html',NULL,NULL,0),(160,'Bưởi da xanh “bén duyên” đất Hoài Ân','UBND H.Hoài Ân (Bình Định) đang ưu tiên phát triển diện tích bưởi da xanh để tạo tiền đề xây dựng thương hiệu “Bưởi da xanh Hoài Ân” vào giai đoạn 2020 - 2025.',37,29,'https://thanhnien.vn/tai-chinh-kinh-doanh/buoi-da-xanh-ben-duyen-dat-hoai-an-1312038.html','https://thanhnien.vn/tai-chinh-kinh-doanh/buoi-da-xanh-ben-duyen-dat-hoai-an-1312038.html',NULL,NULL,0),(161,'Chủ đầu tư chung cư Monarchy phớt lờ chỉ đạo của chính quyền','Chính quyền Q.Sơn Trà (Đà Nẵng) khẳng định, đến nay, chủ đầu tư chung cư Monarchy là Công ty CP đầu tư phát triển nhà Đà Nẵng đã \"hoàn toàn phớt lờ chỉ đạo và không có động thái khắc phục vi phạm\".',38,6,'https://thanhnien.vn/tai-chinh-kinh-doanh/chu-dau-tu-chung-cu-monarchy-phot-lo-chi-dao-cua-chinh-quyen-1394456.html','https://thanhnien.vn/tai-chinh-kinh-doanh/chu-dau-tu-chung-cu-monarchy-phot-lo-chi-dao-cua-chinh-quyen-1394456.html',NULL,NULL,0),(162,'Bất động sản hàng hiệu không dành cho những nhà đầu tư tay mơ','Nhiều dự án được quảng bá về chất lượng đỉnh cao, với giá khoảng 500 triệu đồng/m2 dành cho giới rất giàu và siêu giàu trong nước và người nước ngoài đã xuất hiện trên thị trường.',38,47,'https://thanhnien.vn/tai-chinh-kinh-doanh/bat-dong-san-hang-hieu-khong-danh-cho-nhung-nha-dau-tu-tay-mo-1394252.html','https://thanhnien.vn/tai-chinh-kinh-doanh/bat-dong-san-hang-hieu-khong-danh-cho-nhung-nha-dau-tu-tay-mo-1394252.html',NULL,NULL,0),(163,'Vay mua nhà thời hạn tới 35 năm','Các ngân hàng đẩy mạnh thời gian cho khách hàng vay vốn mua nhà, sửa chữa nhà từ 10 năm lên 20 năm và đã có nhà băng cho vay lên 30 - 35 năm.',38,39,'https://thanhnien.vn/tai-chinh-kinh-doanh/cuoc-dua-thoi-gian-cho-vay-mua-nha-1394078.html','https://thanhnien.vn/tai-chinh-kinh-doanh/cuoc-dua-thoi-gian-cho-vay-mua-nha-1394078.html',NULL,NULL,0),(164,'Cho thuê nhà là kinh doanh bất động sản nên thuế cao ?','Giữa tháng 5, Báo Thanh Niên có bài viết Thuế cho thuê nhà quá lạc hậu, trong đó phân tích mức doanh thu tính thuế 100 triệu đồng/năm không những đối với cho thuê nhà mà cả các lĩnh vực, ngành nghề khác hiện nay quá thấp...',38,42,'https://thanhnien.vn/tai-chinh-kinh-doanh/chue-nha-la-kinh-doanh-bat-dong-san-nen-thue-cao-1393960.html','https://thanhnien.vn/tai-chinh-kinh-doanh/chue-nha-la-kinh-doanh-bat-dong-san-nen-thue-cao-1393960.html',NULL,NULL,0),(165,'Chia đôi 3.790 căn hộ tái định cư để đấu giá','Theo thông tin từ Sở Tài nguyên và Môi trường TP.HCM, 3.790 căn hộ tái định cư tại khu đô thị mới Thủ Thiêm (TP.Thủ Đức) sẽ được chia làm 2 gói để đấu giá.',38,47,'https://thanhnien.vn/tai-chinh-kinh-doanh/chia-doi-3790-can-ho-tai-dinh-cu-de-dau-gia-1393617.html','https://thanhnien.vn/tai-chinh-kinh-doanh/chia-doi-3790-can-ho-tai-dinh-cu-de-dau-gia-1393617.html',NULL,NULL,0),(166,'Đánh thuế thật cao với biệt thự bỏ hoang?','TP.Hà Nội vừa đề xuất Bộ Tài chính phương án đánh thuế đối với nhà bỏ hoang, không đưa vào sử dụng.',38,47,'https://thanhnien.vn/tai-chinh-kinh-doanh/danh-thue-that-cao-voi-biet-thu-bo-hoang-1393551.html','https://thanhnien.vn/tai-chinh-kinh-doanh/danh-thue-that-cao-voi-biet-thu-bo-hoang-1393551.html',NULL,NULL,0),(167,'HoREA kêu gọi doanh nghiệp tham gia đấu giá 3.790 căn hộ tái định cư','Ngày 2.6, Hiệp hội Bất động sản TP.HCM (HoREA) có văn bản gửi đến các doanh nghiệp trong hiệp hội đề nghị quan tâm tham gia đấu giá 3.790 căn hộ tại phường Bình An, TP.Thủ Đức (liền kề khu đô thị mới Thủ Thiêm).',38,47,'https://thanhnien.vn/tai-chinh-kinh-doanh/horea-keu-goi-doanh-nghiep-tham-gia-dau-gia-3790-can-ho-tai-dinh-cu-1392660.html','https://thanhnien.vn/tai-chinh-kinh-doanh/horea-keu-goi-doanh-nghiep-tham-gia-dau-gia-3790-can-ho-tai-dinh-cu-1392660.html',NULL,NULL,0),(168,'Cư dân mạng quan tâm: Thanh niên gặp nạn được cứu khi tắm biển','Xuống tắm trong lúc biển động dữ dội, một nam thanh niên suýt thiệt mạng.',39,48,'https://thanhnien.vn/doi-song/cu-dan-mang-quan-tam-thanh-nien-gap-nan-duoc-cuu-khi-tam-bien-1399486.html','https://thanhnien.vn/doi-song/cu-dan-mang-quan-tam-thanh-nien-gap-nan-duoc-cuu-khi-tam-bien-1399486.html',NULL,NULL,0),(169,'Dự án trăm tỉ thi công ì ạch','Dự án thoát nước và vệ sinh môi trường đô thị Núi Thành (Quảng Nam) được đầu tư hơn 215 tỉ đồng, đã triển khai hơn một năm nhưng chưa xong. Việc thi công ì ạch đã ảnh hưởng lớn đến cuộc sống của hàng trăm hộ dân.',39,7,'https://thanhnien.vn/doi-song/du-an-tram-ti-thi-cong-i-ach-1398890.html','https://thanhnien.vn/doi-song/du-an-tram-ti-thi-cong-i-ach-1398890.html',NULL,NULL,0),(170,'TP.HCM tiếp tục giãn cách xã hội: Phố phường trầm lặng, chờ ngày nhộn nhịp trở lại','Từ 0 giờ ngày 15.6, TP.HCM tiếp tục giãn cách xã hội theo Chỉ thị 15 của Chính phủ thêm 14 ngày. Phố phường vắng lặng, người dân cố gắng tuân thủ quy định phòng dịch để TP có thể trở lại nhịp sống không ngủ như trước.',39,49,'https://thanhnien.vn/doi-song/tphcm-tiep-tuc-gian-cach-xa-hoi-pho-phuong-tram-lang-cho-ngay-nhon-nhip-tro-lai-1398862.html','https://thanhnien.vn/doi-song/tphcm-tiep-tuc-gian-cach-xa-hoi-pho-phuong-tram-lang-cho-ngay-nhon-nhip-tro-lai-1398862.html',NULL,NULL,0),(171,'Cư dân mạng quan tâm: Xe cứu thương \'nhét\' người định vượt chốt kiểm dịch','Một chiếc xe cứu thương “nhồi” hơn 10 người bên trong đã bị lực lượng chức năng phát hiện khi định vượt chốt kiểm dịch Covid-19 tại H.Vân Hồ (Sơn La).',39,48,'https://thanhnien.vn/doi-song/cu-dan-mang-quan-tam-xe-cuu-thuong-nhet-nguoi-dinh-vuot-chot-kiem-dich-1398400.html','https://thanhnien.vn/doi-song/cu-dan-mang-quan-tam-xe-cuu-thuong-nhet-nguoi-dinh-vuot-chot-kiem-dich-1398400.html',NULL,NULL,0),(172,'Người Sài Gòn ‘kín mít’ đi chợ mua bánh tro, bánh trôi dịp tết Đoan Ngọ','Tết Đoan Ngọ (mùng 5 tháng 5 âm lịch), nhiều người dân TP.HCM đi chợ từ sáng sớm để mua bánh tro, bánh trôi nước, cơm rượu, hoa,... để cúng ngày tết diệt sâu bọ nhưng vẫn không quên phòng dịch.',39,50,'https://thanhnien.vn/doi-song/nguoi-sai-gon-kin-mit-di-cho-mua-banh-tro-banh-troi-dip-tet-doan-ngo-1398571.html','https://thanhnien.vn/doi-song/nguoi-sai-gon-kin-mit-di-cho-mua-banh-tro-banh-troi-dip-tet-doan-ngo-1398571.html',NULL,NULL,0),(173,'TP.HCM bùng phát dịch Covid-19: Nồi bánh tét \'lạ\' trước hẻm phong tỏa dịp tết Đoan Ngọ','Trước con hẻm đang bị phong tỏa ở Q.Gò Vấp, TP.HCM bỗng xuất hiện một nồi bánh tét to đùng, mỗi đêm đỏ lửa khiến không ít người tò mò. Nồi nghi ngút khói, từng đòn bánh khiến ai cũng thấy ấm lòng ngày tết Đoan Ngọ.',39,51,'https://thanhnien.vn/doi-song/tphcm-bung-phat-dich-covid-19-noi-banh-tet-la-truoc-hem-phong-toa-dip-tet-doan-ngo-1398081.html','https://thanhnien.vn/doi-song/tphcm-bung-phat-dich-covid-19-noi-banh-tet-la-truoc-hem-phong-toa-dip-tet-doan-ngo-1398081.html',NULL,NULL,0),(174,'TP.HCM giãn cách xã hội, cha mẹ bối rối khi con bức bí đòi đi chơi','Khi TP.HCM áp dụng giãn cách xã hội toàn thành phố để ngăn chặn dịch Covid-19 thì cũng là lúc những gia đình có con nhỏ phải nỗ lực tối đa, nhiều người ‘đau đầu’ không biết giải thích sao khi con muốn đi chơi.',40,50,'https://thanhnien.vn/doi-song/tphcm-gian-cach-xa-hoi-cha-me-boi-roi-khi-con-buc-bi-doi-di-choi-1383454.html','https://thanhnien.vn/doi-song/tphcm-gian-cach-xa-hoi-cha-me-boi-roi-khi-con-buc-bi-doi-di-choi-1383454.html',NULL,NULL,0),(175,'Xúc động cụ ông lom khom móc hết tiền dành dụm đem cho cháu gái lấy chồng','Chủ nhân clip là anh Nguyễn Xuân Hào (27 tuổi, thợ chụp ảnh của studio Ồ Wedding), anh quay clip vào ngày 17.5 tại H.Phù Cát (tỉnh Bình Định) khi dịch bệnh chưa bùng phát.',40,52,'https://thanhnien.vn/doi-song/xuc-dong-cu-ong-lom-khom-moc-het-tien-danh-dum-dem-cho-chau-gai-lay-chong-1394278.html','https://thanhnien.vn/doi-song/xuc-dong-cu-ong-lom-khom-moc-het-tien-danh-dum-dem-cho-chau-gai-lay-chong-1394278.html',NULL,NULL,0),(176,'VRG ủng hộ 200 tỉ đồng vào Quỹ vắc xin phòng chống Covid-19','Tập đoàn công nghiệp cao su Việt Nam (VRG) vừa ủng hộ 200 tỉ đồng vào Quỹ vắc xin phòng chống Covid-19.',42,53,'https://thanhnien.vn/doi-song/guong-sang-bien-cuong/vrg-ung-ho-200-ti-dong-vao-quy-vac-xin-phong-chong-covid-19-1395307.html','https://thanhnien.vn/doi-song/guong-sang-bien-cuong/vrg-ung-ho-200-ti-dong-vao-quy-vac-xin-phong-chong-covid-19-1395307.html',NULL,NULL,0),(177,'Hội doanh nhân trẻ Đà Nẵng mua gần 100 tấn vải Bắc Giang giúp người dân','Sáng 3.6, những container vải thiều do Hội Doanh nhân trẻ Đà Nẵng hỗ trợ tiêu thụ giúp tỉnh bạn Bắc Giang đã về đến Thành đoàn Đà Nẵng, được người Đà Nẵng ủng hộ nhiệt tình.',42,54,'https://thanhnien.vn/doi-song/hoi-doanh-nhan-tre-da-nang-mua-gan-100-tan-vai-bac-giang-giup-nguoi-dan-1393167.html','https://thanhnien.vn/doi-song/hoi-doanh-nhan-tre-da-nang-mua-gan-100-tan-vai-bac-giang-giup-nguoi-dan-1393167.html',NULL,NULL,0),(178,'Gần 4,5 tỉ đồng ủng hộ TP.Đà Nẵng chống dịch Covid-19','Tính đến ngày 3.6, Ủy ban MTTQ VN TP.Đà Nẵng đã tiếp nhận gần 4,5 tỉ đồng tiền mặt cùng một lượng lớn trang thiết bị, vật tư phục vụ công tác chống dịch.',42,16,'https://thanhnien.vn/doi-song/gan-45-ti-dong-ung-ho-tpda-nang-chong-dich-covid-19-1393352.html','https://thanhnien.vn/doi-song/gan-45-ti-dong-ung-ho-tpda-nang-chong-dich-covid-19-1393352.html',NULL,NULL,0),(179,'Tặng thiết bị cho công tác tuyên truyền phòng, chống Covid-19','Báo Thanh Niên vừa phối hợp Công an tỉnh Quảng Trị tổ chức lễ trao các thiết bị hỗ trợ cho công tác tuyên truyền phòng, chống Covid-19 tại địa bàn H.Hải Lăng.',42,11,'https://thanhnien.vn/doi-song/tang-thiet-bi-cho-cong-tac-tuyen-truyen-phong-chong-covid-19-1392953.html','https://thanhnien.vn/doi-song/tang-thiet-bi-cho-cong-tac-tuyen-truyen-phong-chong-covid-19-1392953.html',NULL,NULL,0),(180,'100 triệu đồng hỗ trợ lực lượng tuyến đầu phòng chống dịch Covid-19','Ngày 31.5, bà Hồ Thị Huệ, Chủ tịch Công đoàn Công ty CP dược phẩm OPC, đã đến Báo Thanh Niên  trao số tiền 100 triệu đồng hỗ trợ lực lượng tuyến đầu phòng chống dịch Covid-19.',42,55,'https://thanhnien.vn/doi-song/100-trieu-dong-ho-tro-luc-luong-tuyen-dau-phong-chong-dich-covid-19-1391797.html','https://thanhnien.vn/doi-song/100-trieu-dong-ho-tro-luc-luong-tuyen-dau-phong-chong-dich-covid-19-1391797.html',NULL,NULL,0),(181,'San sẻ yêu thương, chung tay vượt qua đại dịch','Bạn đọc Báo Thanh Niên ủng hộ 100 triệu đồng.',42,56,'https://thanhnien.vn/doi-song/san-se-yeu-thuong-chung-tay-vuot-qua-dai-dich-1390160.html','https://thanhnien.vn/doi-song/san-se-yeu-thuong-chung-tay-vuot-qua-dai-dich-1390160.html',NULL,NULL,0),(182,'Nam sinh huyện biên giới trở thành \'thủ khoa tổ hợp môn\'','Là học sinh ở một trường THPT thuộc huyện vùng xa nhất của Đắk Nông, giáp biên giới Campuchia, nhưng Nguyễn Khắc Toàn trở thành \'thủ khoa tổ hợp môn\' khi mức điểm 3 môn cao nhất tỉnh.',43,57,'https://thanhnien.vn/doi-song/guong-sang-bien-cuong/nam-sinh-huyen-bien-gioi-tro-thanh-thu-khoa-to-hop-mon-1382664.html','https://thanhnien.vn/doi-song/guong-sang-bien-cuong/nam-sinh-huyen-bien-gioi-tro-thanh-thu-khoa-to-hop-mon-1382664.html',NULL,NULL,0),(183,'Băng rừng gánh hàng tiếp tế cho các chiến sĩ chốt chặn đường mòn biên giới','Đoàn công tác Bộ chỉ huy Bộ đội Biên phòng tỉnh Quảng Nam băng rừng, lội suối gánh hàng tiếp tế nhằm động viên tinh thần các cán bộ, chiến sĩ đang làm nhiệm vụ tại các chốt chặn đường mòn biên giới phòng chống dịch Covid-19.',43,7,'https://thanhnien.vn/doi-song/guong-sang-bien-cuong/bang-rung-ganh-hang-tiep-te-cho-cac-chien-si-chot-chan-duong-mon-bien-gioi-1382336.html','https://thanhnien.vn/doi-song/guong-sang-bien-cuong/bang-rung-ganh-hang-tiep-te-cho-cac-chien-si-chot-chan-duong-mon-bien-gioi-1382336.html',NULL,NULL,0),(184,'Bác sĩ áo xanh ở bên kia biên giới','Bên kia biên giới, bác sĩ quân y Bộ đội Biên phòng Hà Tĩnh đã nhiều năm chịu đựng gian khổ vì cuộc sống người dân biên giới nước bạn, vì tình hữu nghị Việt - Lào ngàn đời bền vững.',43,58,'https://thanhnien.vn/doi-song/guong-sang-bien-cuong/bac-si-ao-xanh-o-ben-kia-bien-gioi-1382344.html','https://thanhnien.vn/doi-song/guong-sang-bien-cuong/bac-si-ao-xanh-o-ben-kia-bien-gioi-1382344.html',NULL,NULL,0),(185,'Người của biên cương','\'Tôi để sẵn quả lựu đạn trong túi áo ngực, nếu bị bắt là cho nổ luôn. Mình chết nó cũng phải đổi mạng. Quyết không làm tù binh\', Anh hùng Lực lượng vũ trang nhân dân Lê Khắc Xuân nhớ lại.',43,27,'https://thanhnien.vn/doi-song/guong-sang-bien-cuong/nguoi-cua-bien-cuong-1382671.html','https://thanhnien.vn/doi-song/guong-sang-bien-cuong/nguoi-cua-bien-cuong-1382671.html',NULL,NULL,0),(186,'Những nhà giáo ‘kỳ lạ’ vùng biên giới','Những giáo viên vùng biên giới Đăk Glei (Kon Tum) xa xôi thấy học sinh đói cơm, rách áo nên đứng ra vận động mọi người cùng giúp học sinh mình, với mong mỏi: làm sao cho các em bớt khổ khi đến trường.',43,5,'https://thanhnien.vn/doi-song/guong-sang-bien-cuong/nhung-nha-giao-ky-la-vung-bien-gioi-1382339.html','https://thanhnien.vn/doi-song/guong-sang-bien-cuong/nhung-nha-giao-ky-la-vung-bien-gioi-1382339.html',NULL,NULL,0),(187,'Tây Ninh vững chắc biên cương','Kỷ niệm 60 năm ngày truyền thống BĐBP (3.3.1959 - 3.3.2019), ngày 3.3, UBND tỉnh Tây Ninh phối hợp Bộ Chỉ huy BĐBP tỉnh Tây Ninh tổ chức ôn lại truyền thống hào hùng, bảo vệ biên cương vững chắc.',43,4,'https://thanhnien.vn/doi-song/guong-sang-bien-cuong/tay-ninh-vung-chac-bien-cuong-1382673.html','https://thanhnien.vn/doi-song/guong-sang-bien-cuong/tay-ninh-vung-chac-bien-cuong-1382673.html',NULL,NULL,0),(188,'Thầy giáo mang quân hàm xanh giải cứu nữ học viên bị lừa bán qua biên giới','Thiếu úy Vàng Lao Lừ (Đồn Biên phòng Mường Lạn, huyện Sốp Cộp, tỉnh Sơn La) không chỉ miệt mài dạy chữ ở những bản làng vùng cao xa xôi, mà còn giúp bà con dân tộc nâng cao nhận thức cuộc sống.',43,56,'https://thanhnien.vn/doi-song/guong-sang-bien-cuong/thay-giao-mang-quan-ham-xanh-giai-cuu-nu-hoc-vien-bi-lua-ban-qua-bien-gioi-1382668.html','https://thanhnien.vn/doi-song/guong-sang-bien-cuong/thay-giao-mang-quan-ham-xanh-giai-cuu-nu-hoc-vien-bi-lua-ban-qua-bien-gioi-1382668.html',NULL,NULL,0),(189,'Sinh viên tình nguyện dạy múa cho học sinh vùng biên giới','Khuôn viên của Trường THCS Bù Gia Mập, những ngày cuối tuần trở nên rộn rã và vui nhộn bởi những điệu nhảy múa và lời ca tiếng hát của thiếu nhi vang vọng cả núi rừng vùng biên.',43,59,'https://thanhnien.vn/doi-song/guong-sang-bien-cuong/sinh-vien-tinh-nguyen-day-mua-cho-hoc-sinh-vung-bien-gioi-1382669.html','https://thanhnien.vn/doi-song/guong-sang-bien-cuong/sinh-vien-tinh-nguyen-day-mua-cho-hoc-sinh-vung-bien-gioi-1382669.html',NULL,NULL,0),(190,'Thắp sáng con chữ vùng biên','Dành dụm kinh phí từ nguồn tăng gia sản xuất và góp lương để đỡ đầu nhiều học sinh, mỗi đêm lại đến tận nhà kèm cặp, những người lính mang quân hàm xanh của Đồn biên phòng A Xan (Bộ đội biên phòng Quảng Nam) đã thắp sáng con chữ vùng biên...',43,7,'https://thanhnien.vn/doi-song/guong-sang-bien-cuong/thap-sang-con-chu-vung-bien-1382688.html','https://thanhnien.vn/doi-song/guong-sang-bien-cuong/thap-sang-con-chu-vung-bien-1382688.html',NULL,NULL,0),(191,'Những cột mốc sống giữ biên cương: Một tấc không đi, một li không rời','\"Từ 1973 - 1975, đồng bào và Công an vũ trang thường xuyên, ngoan cường, trực diện đấu tranh gian khổ chống lại lực lượng vũ trang Trung Quốc lấn chiếm”.',43,27,'https://thanhnien.vn/doi-song/guong-sang-bien-cuong/nhung-cot-moc-song-giu-bien-cuong-mot-tac-khong-di-mot-li-khong-roi-1382674.html','https://thanhnien.vn/doi-song/guong-sang-bien-cuong/nhung-cot-moc-song-giu-bien-cuong-mot-tac-khong-di-mot-li-khong-roi-1382674.html',NULL,NULL,0),(192,'Sự kiện văn hóa nổi bật tuần qua: NSƯT Hoài Linh gây tranh cãi khi chậm trao hơn 13 tỉ đồng từ thiện','Giữa ồn ào dư luận về số tiền hơn 13 tỉ đồng mà NSƯT Hoài Linh kêu gọi được để ủng hộ đồng bào miền Trung sau đợt bão lũ hồi tháng 11.2020, nam nghệ sĩ đã chính thức lên tiếng về số tiền này vào tối 24.5.',44,60,'https://thanhnien.vn/van-hoa/su-kien-van-hoa-noi-bat-tuan-qua-nsut-hoai-linh-gay-tranh-cai-khi-cham-trao-hon-13-ti-dong-cho-mien-trung-1390631.html','https://thanhnien.vn/van-hoa/su-kien-van-hoa-noi-bat-tuan-qua-nsut-hoai-linh-gay-tranh-cai-khi-cham-trao-hon-13-ti-dong-cho-mien-trung-1390631.html',NULL,NULL,0),(193,'Bức tranh đấu giá \'khủng\' 27 triệu USD ở Hồng Kông có gì đặc biệt?','Dẫn đầu với mức giá bán kỷ lục tới... 27 triệu USD trong phiên đấu giá tối qua (24.5) của nhà Christie’s Hồng Kông là tác phẩm Temple at the Mountain Peak (Ngôi đền trên đỉnh núi).',44,61,'https://thanhnien.vn/van-hoa/buc-tranh-dau-gia-khung-27-trieu-usd-o-hong-kong-co-gi-dac-biet-1388514.html','https://thanhnien.vn/van-hoa/buc-tranh-dau-gia-khung-27-trieu-usd-o-hong-kong-co-gi-dac-biet-1388514.html',NULL,NULL,0),(194,'Bức \'Thiếu nữ choàng khăn\' của danh họa Lê Phổ bán hơn 1,1 triệu USD','Đúng như dự đoán của giới chuyên môn, tối 24.5 (giờ Việt Nam), phiên đấu giá của nhà Christie’s Hồng Kông đã diễn ra rất gay cấn, kịch tính.',44,61,'https://thanhnien.vn/van-hoa/buc-thieu-nu-choang-khan-cua-danh-hoa-le-pho-ban-hon-11-trieu-usd-1388137.html','https://thanhnien.vn/van-hoa/buc-thieu-nu-choang-khan-cua-danh-hoa-le-pho-ban-hon-11-trieu-usd-1388137.html',NULL,NULL,0),(195,'Những gia tộc cải lương lừng danh: Từ huyền thoại Năm Phỉ tới kỳ nữ Kim Cương','Ông Nguyễn Ngọc Cương có 3 người vợ đều là đào hát nổi tiếng. Người vợ đầu tiên là cô Năm Nhỏ xinh đẹp và lừng danh. Khi ly hôn, ông cưới bà Năm Phỉ và họ không có con.',44,62,'https://thanhnien.vn/van-hoa/nhung-gia-toc-cai-luong-lung-danh-tu-huyen-thoai-nam-phi-toi-ky-nu-kim-cuong-1387601.html','https://thanhnien.vn/van-hoa/nhung-gia-toc-cai-luong-lung-danh-tu-huyen-thoai-nam-phi-toi-ky-nu-kim-cuong-1387601.html',NULL,NULL,0),(196,'Sự kiện văn hóa nổi bật tuần qua: Chấn chỉnh việc nghệ sĩ quảng cáo không đúng quy định','Sáng 20.5, các hội Văn học - Nghệ thuật TP.HCM vừa nhận được văn bản của Ban Tuyên giáo Thành ủy TP.HCM, đề nghị chấn chỉnh việc nghệ sĩ quảng cáo không đúng quy định.',44,60,'https://thanhnien.vn/van-hoa/su-kien-van-hoa-noi-bat-tuan-qua-chan-chinh-viec-nghe-si-quang-cao-khong-dung-quy-dinh-1387596.html','https://thanhnien.vn/van-hoa/su-kien-van-hoa-noi-bat-tuan-qua-chan-chinh-viec-nghe-si-quang-cao-khong-dung-quy-dinh-1387596.html',NULL,NULL,0),(197,'Những gia tộc cải lương lừng danh: Gia tộc Thanh Minh - Thanh Nga sinh ra \'nữ hoàng sân khấu\'','Gia tộc Thanh Minh - Thanh Nga đã 4 đời làm nghề, có nhiều tài năng cải lương. Đặc biệt, gia tộc này còn sinh ra một nghệ sĩ có lẽ hàng trăm năm mới có một người: NSƯT Thanh Nga tài sắc vẹn toàn, được mệnh danh là \'nữ hoàng sân khấu\'.',44,62,'https://thanhnien.vn/van-hoa/gia-toc-thanh-minh-thanh-nga-sinh-ra-nu-hoang-san-khau-1386120.html','https://thanhnien.vn/van-hoa/gia-toc-thanh-minh-thanh-nga-sinh-ra-nu-hoang-san-khau-1386120.html',NULL,NULL,0),(198,'GS vật lý thiên văn Pháp và tình yêu đặc biệt với Hồ Chủ tịch','Năm 2020, khi báo Thanh Niên đăng bài của một nhà khoa học Pháp, độc giả đã ngỡ ngàng bởi bài viết trích dẫn nhiều lời Hồ Chủ tịch. Nhà khoa học đó là GS Pierre Darriulat, một nhà vật lý thiên văn hàng đầu thế giới.',44,63,'https://thanhnien.vn/van-hoa/gs-vat-ly-thien-van-phap-va-tinh-yeu-dac-biet-voi-ho-chu-tich-1385659.html','https://thanhnien.vn/van-hoa/gs-vat-ly-thien-van-phap-va-tinh-yeu-dac-biet-voi-ho-chu-tich-1385659.html',NULL,NULL,0),(199,'Những gia tộc cải lương lừng danh: Tìm lại hào quang tuồng cổ Minh Tơ','Song song với chi tộc của ông Minh Tơ, chi tộc của nghệ sĩ Huỳnh Mai cũng rất hùng hậu. Và sau thế hệ này là thế hệ thứ năm lại sinh ra một loạt nghệ sĩ trẻ tên tuổi.',44,62,'https://thanhnien.vn/van-hoa/nhung-gia-toc-cai-luong-lung-danh-tim-lai-hao-quang-tuong-co-minh-to-1385337.html','https://thanhnien.vn/van-hoa/nhung-gia-toc-cai-luong-lung-danh-tim-lai-hao-quang-tuong-co-minh-to-1385337.html',NULL,NULL,0),(200,'Những gia tộc cải lương lừng danh: 100 năm tuồng cổ Minh Tơ','Nói đến cải lương, có lẽ phải nhắc đến 5 gia tộc lớn đã theo nghề bền bỉ, đóng góp vào kho tàng cải lương nhiều công lao và tác phẩm có giá trị. Những gia tộc này đã truyền nghề cho con cháu đến mấy đời, và đời nào cũng có người làm rạng danh cho cải lương.',44,62,'https://thanhnien.vn/van-hoa/nhung-gia-toc-cai-luong-lung-danh-100-nam-tuong-co-minh-to-1385061.html','https://thanhnien.vn/van-hoa/nhung-gia-toc-cai-luong-lung-danh-100-nam-tuong-co-minh-to-1385061.html',NULL,NULL,0),(201,'Bảo tàng Lịch sử quốc gia thành siêu bảo tàng số?','Những bước xây dựng bảo tàng số đầu tiên của Bảo tàng Lịch sử quốc gia đang được thực hiện. Phòng trưng bày cho các bảo vật quốc gia “ảo” sẽ là thử nghiệm đầu tiên.',44,64,'https://thanhnien.vn/van-hoa/bao-tang-lich-su-quoc-gia-thanh-sieu-bao-tang-so-1384355.html','https://thanhnien.vn/van-hoa/bao-tang-lich-su-quoc-gia-thanh-sieu-bao-tang-so-1384355.html',NULL,NULL,0),(202,'Âm nhạc lấy cảm hứng từ văn học','Không ít sản phẩm, dự án âm nhạc lấy cảm hứng từ văn học Việt được nhiều nghệ sĩ thực hiện.',44,24,'https://thanhnien.vn/van-hoa/am-nhac-lay-cam-hung-tu-van-hoc-1384149.html','https://thanhnien.vn/van-hoa/am-nhac-lay-cam-hung-tu-van-hoc-1384149.html',NULL,NULL,0),(203,'Sự kiện văn hóa nổi bật tuần qua: Hoa hậu Khánh Vân gây ấn tượng tại Miss Universe 2020','Đại diện Việt Nam - Hoa hậu Khánh Vân gây ấn tượng khi xuất hiện trong trang phục mang thông điệp quảng bá hình ảnh đất nước tại Miss Universe 2020 và được dự đoán vào top 10 chung cuộc từ chuyên trang sắc đẹp thế giới Missosology.',44,60,'https://thanhnien.vn/van-hoa/su-kien-van-hoa-noi-bat-tuan-qua-hoa-hau-khanh-van-gay-an-tuong-tai-miss-universe-2020-1384066.html','https://thanhnien.vn/van-hoa/su-kien-van-hoa-noi-bat-tuan-qua-hoa-hau-khanh-van-gay-an-tuong-tai-miss-universe-2020-1384066.html',NULL,NULL,0),(204,'‘Thiếu nữ choàng khăn’ của Lê Phổ có thể được đấu giá tới... 5 triệu USD?','Tác phẩm Thiếu nữ choàng khăn (mực và gouache trên lụa, 59,5 x 48,5 cm, 1938) của danh họa Lê Phổ sắp trở lại sàn đấu giá, với giá ước định từ 6.800.000 - 8.800.000 HKD (tương đương hơn 875.000 - 1.100.000 USD), hứa hẹn sẽ có nhiều bất ngờ.',44,61,'https://thanhnien.vn/van-hoa/thieu-nu-choang-khan-cua-le-pho-co-the-duoc-dau-gia-co-the-toi-5-trieu-usd-1383959.html','https://thanhnien.vn/van-hoa/thieu-nu-choang-khan-cua-le-pho-co-the-duoc-dau-gia-co-the-toi-5-trieu-usd-1383959.html',NULL,NULL,0),(205,'\'Choáng\' với lễ cúng của thầy tào','Gần 9 giờ chứng kiến lễ cúng cầu an, giải hạn đầy huyền bí của một thầy tào người dân tộc Tày ở Tây Nguyên, tôi thật sự bị sốc.',44,25,'https://thanhnien.vn/van-hoa/choang-voi-le-cung-cua-thay-tao-1381379.html','https://thanhnien.vn/van-hoa/choang-voi-le-cung-cua-thay-tao-1381379.html',NULL,NULL,0),(206,'Tuẫn tiết thủ thành Quy Nhơn, Võ Tánh xứng danh ‘Gia Định tam hùng’','Dù không tận hưởng niềm vui trong thắng lợi cuối cùng của cuộc chiến khốc liệt giữa nhà Nguyễn và nhà Tây Sơn, nhưng danh tướng Võ Tánh trong việc tuẫn tiết thủ thành Quy Nhơn đã xứng danh ‘Gia Định tam hùng’',45,61,'https://thanhnien.vn/van-hoa/tuan-tiet-thu-thanh-quy-nhon-vo-tanh-xung-danh-gia-dinh-tam-hung-1390544.html','https://thanhnien.vn/van-hoa/tuan-tiet-thu-thanh-quy-nhon-vo-tanh-xung-danh-gia-dinh-tam-hung-1390544.html',NULL,NULL,0),(207,'Phương đỉnh ở các lăng vua triều Nguyễn có gì đặc biệt?','Phương đỉnh - cái đỉnh hình khối lập phương, là vật thường thấy ở khu vực điện thờ trong Đại nội hoặc các lăng tẩm vua triều Nguyễn ở Huế. Đây là vật dụng để đốt vàng mã mỗi dịp tết, giỗ.',45,65,'https://thanhnien.vn/van-hoa/phuong-dinh-o-cac-lang-vua-trieu-nguyen-co-gi-dac-biet-1386942.html','https://thanhnien.vn/van-hoa/phuong-dinh-o-cac-lang-vua-trieu-nguyen-co-gi-dac-biet-1386942.html',NULL,NULL,0),(208,'Cây sala được Phật tử khắp thế giới tôn sùng vì sao hay bị… nhầm lẫn?','Cây sala có nguồn gốc từ Ấn Độ, Myanmar, Nepal và Bangladesh, có thể đạt chiều cao 30 - 35 m, hoa chùm màu vàng..., được Phật tử khắp thế giới tôn sùng nhưng thường bị nhầm lẫn với các loài cây khác.',45,66,'https://thanhnien.vn/van-hoa/cay-sala-duoc-phat-tu-khap-the-gioi-ton-sung-vi-sao-hay-bi-nham-lan-1385927.html','https://thanhnien.vn/van-hoa/cay-sala-duoc-phat-tu-khap-the-gioi-ton-sung-vi-sao-hay-bi-nham-lan-1385927.html',NULL,NULL,0),(209,'Vì sao cây sala được Phật tử khắp thế giới rất tôn sùng?','Hiện nay trong một số ngôi chùa ở Việt Nam trồng nhiều cây sala. Tuy nhiên, ít ai biết rõ lý do vì sao Phật tử khắp thế giới rất tôn sùng loài cây này.',45,66,'https://thanhnien.vn/van-hoa/vi-sao-cay-sala-duoc-phat-tu-khap-the-gioi-rat-ton-sung-1385369.html','https://thanhnien.vn/van-hoa/vi-sao-cay-sala-duoc-phat-tu-khap-the-gioi-rat-ton-sung-1385369.html',NULL,NULL,0),(210,'Dũng tướng Châu Văn Tiếp của vua Gia Long xuất thân từ nghề… buôn ngựa','Một trong ba tên tuổi của Gia Định tam hùng là Châu Văn Tiếp. Ông sinh năm 1738, có tổ tiên ở Phù Mỹ, phủ Quy Nhơn, sau dời về Đồng Xuân, phủ Phú Yên, từng xuất thân từ… nghề buôn ngựa.',45,61,'https://thanhnien.vn/van-hoa/dung-tuong-chau-van-tiep-cua-vua-gia-long-xuat-than-tu-nghe-buon-ngua-1385241.html','https://thanhnien.vn/van-hoa/dung-tuong-chau-van-tiep-cua-vua-gia-long-xuat-than-tu-nghe-buon-ngua-1385241.html',NULL,NULL,0),(211,'Truy nguồn gốc của “cà phê đá” trong tiếng Anh','Một chiều ngồi nghe những bản nhạc tiếng Anh ưa thích phát ra từ dàn máy xịn và nhâm nhi ly cà phê đá tuyệt ngon. Có khi nào bạn tự hỏi cái từ coffee (cà phê), sugar (đường) và ice (nước đá) có nguồn gốc từ đâu?',45,66,'https://thanhnien.vn/van-hoa/truy-nguon-goc-cua-ca-phe-da-trong-tieng-anh-1383816.html','https://thanhnien.vn/van-hoa/truy-nguon-goc-cua-ca-phe-da-trong-tieng-anh-1383816.html',NULL,NULL,0),(212,'Toàn quyền Đông Dương Paul Doumer và những câu chuyện về \'bàn đạp thuộc địa\'','Toàn quyền Paul Doumer (1857-1932) từng được nhà sử học Georges Taboulet xem là “người kiến tạo của Đông Dương thuộc Pháp.” Ông là Toàn quyền Đông Dương hiếm hoi tại vị suốt nhiệm kỳ 5 năm.',45,67,'https://thanhnien.vn/van-hoa/toan-quyen-dong-duong-paul-doumer-va-nhung-cau-chuyen-ve-ban-dap-thuoc-dia-1382863.html','https://thanhnien.vn/van-hoa/toan-quyen-dong-duong-paul-doumer-va-nhung-cau-chuyen-ve-ban-dap-thuoc-dia-1382863.html',NULL,NULL,0),(213,'\'Gia Định tam hùng\' và những bi kịch của 3 dũng tướng dưới thời vua Gia Long','Nếu như Gia Định tam gia gắn với 3 tên tuổi chứng kiến những chiến công của cuộc chiến khốc liệt giữa nhà Nguyễn và Tây Sơn, thì Gia Định tam hùng lại là danh hiệu dành cho 3 dũng tướng mà cái chết của họ đầy bi kịch.',45,61,'https://thanhnien.vn/van-hoa/gia-dinh-tam-hung-va-nhung-bi-kich-cua-3-dung-tuong-duoi-thoi-vua-gia-long-1381858.html','https://thanhnien.vn/van-hoa/gia-dinh-tam-hung-va-nhung-bi-kich-cua-3-dung-tuong-duoi-thoi-vua-gia-long-1381858.html',NULL,NULL,0),(214,'Khám phá tranh minh họa và bìa sách xưa của một số danh họa Việt','Tranh minh họa và bìa sách đẹp của các danh họa góp phần nâng tầm cuốn sách, giúp độc giả bớt nhàm chán khi đọc toàn chữ nên từ xưa, công đoạn này đã được chú trọng trong xuất bản.',45,67,'https://thanhnien.vn/van-hoa/kham-pha-tranh-minh-hoa-va-bia-sach-xua-cua-mot-so-danh-hoa-viet-nam-1381829.html','https://thanhnien.vn/van-hoa/kham-pha-tranh-minh-hoa-va-bia-sach-xua-cua-mot-so-danh-hoa-viet-nam-1381829.html',NULL,NULL,0),(215,'Chim nhạn hay chim nhàn trong bản \'Dạ cổ hoài lang\' mới đúng?','Hiện nay có một số quan điểm cho rằng trong bản Dạ cổ hoài lang, câu 3: “Vào ra luống trông tin nhàn\" và câu 20: \"Cho én nhàn hiệp đôi\" mới là viết đúng (chữ nhàn chứ không phải nhạn). Vậy, thực hư ra sao?',45,66,'https://thanhnien.vn/van-hoa/chim-nhan-hay-chim-nhan-trong-ban-da-co-hoai-lang-1380875.html','https://thanhnien.vn/van-hoa/chim-nhan-hay-chim-nhan-trong-ban-da-co-hoai-lang-1380875.html',NULL,NULL,0),(216,'Người Việt đầu tiên làm cho Học viện Viễn Đông Bác cổ ở Đông Dương là ai?','Tháng 7.1939, Tổng thống Cộng hòa Pháp Albert Lebrun ký sắc lệnh cho phép tuyển người bản xứ vào làm việc trong đội ngũ khoa học, nghiên cứu của Học viện Viễn Đông Bác cổ, trong đó có người Việt đầu tiên trong thành phần thường trực.',45,67,'https://thanhnien.vn/van-hoa/nguoi-viet-dau-tien-lam-cho-hoc-vien-vien-dong-bac-co-o-dong-duong-la-ai-1377250.html','https://thanhnien.vn/van-hoa/nguoi-viet-dau-tien-lam-cho-hoc-vien-vien-dong-bac-co-o-dong-duong-la-ai-1377250.html',NULL,NULL,0),(217,'Tiết lộ giải tỏa những tò mò về học viện Viễn Đông Bác cổ ở Đông Dương','Là thiết chế văn hóa - giáo dục do người Pháp thành lập, trong suốt chiều dài tồn tại, Học viện Viễn Đông Bác cổ để lại di sản đồ sộ của nền học thuật Pháp. Và cuốn sách mới xuất bản tiết lộ nhiều câu chuyện thú vị.',45,67,'https://thanhnien.vn/van-hoa/tiet-lo-giai-toa-nhung-to-mo-ve-hoc-vien-vien-dong-bac-co-o-dong-duong-1376959.html','https://thanhnien.vn/van-hoa/tiet-lo-giai-toa-nhung-to-mo-ve-hoc-vien-vien-dong-bac-co-o-dong-duong-1376959.html',NULL,NULL,0),(218,'Lê Quang Định- một trong \'Gia Định tam gia” và những công trạng với triều Nguyễn','Trong số các \'Gia Định tam gia\' xuất chúng từng là học trò của danh sĩ đất Gia Định xưa Võ Trường Toản thì ngoài Trịnh Hoài Đức, Ngô Nhơn Tịnh còn có Lê Quang Định. Tên ông hiện còn được đặt tên đường ở Q.Bình Thạnh, TP.HCM.',45,61,'https://thanhnien.vn/van-hoa/le-quang-dinh-mot-trong-gia-dinh-tam-gia-va-nhung-cong-trang-voi-trieu-nguyen-1373624.html','https://thanhnien.vn/van-hoa/le-quang-dinh-mot-trong-gia-dinh-tam-gia-va-nhung-cong-trang-voi-trieu-nguyen-1373624.html',NULL,NULL,0),(219,'\'Gia Định tam gia\' là ai và có công trạng gì với vương triều Nguyễn?','Từng được mệnh danh Gia Định tam gia - hàm ý là những người con xuất chúng đất Gia Định, ba ông: Trịnh Hoài Đức, Ngô Nhơn Tịnh, Lê Quang Định đã góp phần trong việc xây dựng vương triều Nguyễn xưa.',45,61,'https://thanhnien.vn/van-hoa/gia-dinh-tam-gia-la-ai-va-co-cong-trang-gi-voi-vuong-trieu-nguyen-1372559.html','https://thanhnien.vn/van-hoa/gia-dinh-tam-gia-la-ai-va-co-cong-trang-gi-voi-vuong-trieu-nguyen-1372559.html',NULL,NULL,0),(220,'John Whitmore, nhà nghiên cứu quan tâm đặc biệt về quá khứ của Đại Việt','Những năm 1960, John Whitmore (1940-2020) chuyển qua nghiên cứu lịch sử Đông Nam Á tại Đại học Cornell (Mỹ). Đại Việt trong quá khứ được ông dành cho sự quan tâm đặc biệt, với nhiều công trình nghiên cứu có giá trị cao.',45,67,'https://thanhnien.vn/van-hoa/john-whitmore-nha-nghien-cuu-quan-tam-dac-biet-ve-qua-khu-cua-dai-viet-1372586.html','https://thanhnien.vn/van-hoa/john-whitmore-nha-nghien-cuu-quan-tam-dac-biet-ve-qua-khu-cua-dai-viet-1372586.html',NULL,NULL,0),(221,'Con trai Tổng thống Mỹ Joe Biden vẽ tranh để cai ma túy','Trang Artnet vừa có bài phỏng vấn Hunter Biden, con trai Tổng thống Mỹ Joe Biden, về cuộc sống mới với tư cách là họa sĩ toàn thời gian cùng triển lãm tranh sắp tới.',46,68,'https://thanhnien.vn/van-hoa/con-trai-tong-thong-my-joe-biden-ve-tranh-de-cai-ma-tuy-1399134.html','https://thanhnien.vn/van-hoa/con-trai-tong-thong-my-joe-biden-ve-tranh-de-cai-ma-tuy-1399134.html',NULL,NULL,0),(222,'\'Nữ hoàng truyền hình\' Oprah Winfrey làm chương trình tôn vinh những người cha da đen','Oprah Winfrey và Sterling K.Brown đồng tổ chức một chương trình truyền hình đặc biệt có tên Honoring Our Kings, Celebrating Black Fatherhood, khởi chiếu lúc 9 giờ tối (giờ Mỹ) ngày 15.6, theo People.',46,60,'https://thanhnien.vn/van-hoa/nu-hoang-truyen-hinh-oprah-winfrey-lam-chuong-trinh-ton-vinh-nhung-nguoi-cha-da-den-1399116.html','https://thanhnien.vn/van-hoa/nu-hoang-truyen-hinh-oprah-winfrey-lam-chuong-trinh-ton-vinh-nhung-nguoi-cha-da-den-1399116.html',NULL,NULL,0),(223,'Phim chuyển thể \'Bullet Train\' có Brad Pitt và Sandra Bullock xuất xưởng năm 2022','Theo thông tin từ Hollywood Reporter hôm 14.6, dự án Bullet Train của đạo diễn David Leitch sẽ xuất xưởng ngày 8.4.2022.',46,69,'https://thanhnien.vn/van-hoa/phim-chuyen-the-bullet-train-co-brad-pitt-va-sandra-bullock-xuat-xuong-nam-2022-1399038.html','https://thanhnien.vn/van-hoa/phim-chuyen-the-bullet-train-co-brad-pitt-va-sandra-bullock-xuat-xuong-nam-2022-1399038.html',NULL,NULL,0),(224,'Những vai diễn nổi bật của \'ác nữ Cruella\' Emma Stone','Các tác phẩm thuộc nhiều thể loại như series Zombieland, The Favourite hay mới đây là bom tấn Cruella đã ghi dấu khả năng diễn xuất ấn tượng của minh tinh Emma Stone theo thời gian.',46,69,'https://thanhnien.vn/van-hoa/nhung-vai-dien-noi-bat-cua-ac-nu-cruella-emma-stone-1398092.html','https://thanhnien.vn/van-hoa/nhung-vai-dien-noi-bat-cua-ac-nu-cruella-emma-stone-1398092.html',NULL,NULL,0),(225,'Lê Cung Bắc, một trong 4 người ngâm thơ Nguyễn Bá Trác hay nhất Việt Nam','NSƯT - đạo diễn Lê Cung Bắc vừa qua đời đã để lại nhiều tiếc thương cho bạn bè, giới văn nghệ sĩ, đồng nghiệp từng gắn bó. Đặc biệt, nhà thơ Bùi Chí Vinh cho biết \"Lê Cung Bắc là một trong 4 người ngâm bài thơ Hồ Trường của Nguyễn Bá Trác hay nhất Việt Nam\".',46,61,'https://thanhnien.vn/van-hoa/le-cung-bac-mot-trong-4-nguoi-ngam-tho-nguyen-ba-trac-hay-nhat-viet-nam-1398219.html','https://thanhnien.vn/van-hoa/le-cung-bac-mot-trong-4-nguoi-ngam-tho-nguyen-ba-trac-hay-nhat-viet-nam-1398219.html',NULL,NULL,0),(226,'‘Những cậu bé kẽm’ - Có một sự thật khiến ta choáng váng','Sáng tạo ra thể loại truyện vừa tư liệu, nhà văn Svetlana Alexievich đã mở ra cho chúng ta một bầu trời không giới hạn trong giọng điệu văn học. Không có giọng điệu nào hoàn hảo hơn thế khi thể hiện một đề tài chiến tranh nhạy cảm như trong tác phẩm Những cậu bé kẽm.',46,70,'https://thanhnien.vn/van-hoa/nhung-cau-be-kem-co-mot-su-that-khien-ta-choang-vang-1397951.html','https://thanhnien.vn/van-hoa/nhung-cau-be-kem-co-mot-su-that-khien-ta-choang-vang-1397951.html',NULL,NULL,0),(227,'Giải thưởng Pulitzer 2021 vinh danh loạt tác phẩm về người da màu','Danh sách chiến thắng Giải thưởng Pulitzer năm 2021 vừa công bố hôm 11.6 đã gọi tên nhiều tác phẩm kịch, tiểu thuyết, tiểu sử... viết về người da màu.',46,71,'https://thanhnien.vn/van-hoa/giai-thuong-pulitzer-2021-vinh-danh-loat-tac-pham-ve-nguoi-da-mau-1397817.html','https://thanhnien.vn/van-hoa/giai-thuong-pulitzer-2021-vinh-danh-loat-tac-pham-ve-nguoi-da-mau-1397817.html',NULL,NULL,0),(228,'\'Sóng ở đáy sông, Thời xa vắng\' của Lê Lựu với diện mạo mới','Đã từ lâu, những tác phẩm nổi tiếng của nhà văn Lê Lựu hầu như vắng bóng ở các nhà sách. Vì vậy, Sbooks và NXB Văn học quyết định tái bản hai tiểu thuyết Sóng ở đáy sông và Thời xa vắng của Lê Lựu giữa lúc nhà văn đang trong cơn trọng bệnh.',46,61,'https://thanhnien.vn/van-hoa/song-o-day-song-thoi-xa-vang-cua-le-luu-voi-dien-mao-moi-1397307.html','https://thanhnien.vn/van-hoa/song-o-day-song-thoi-xa-vang-cua-le-luu-voi-dien-mao-moi-1397307.html',NULL,NULL,0),(229,'\'Penthouse: Cuộc chiến thượng lưu\' có nhiều cảnh bạo lực gây tranh cãi, biên kịch nói gì?','Biên kịch Kim Soon Ok vừa đưa ra lời giải thích vì sao tác phẩm của cô  - \"bom tấn\" truyền hình Penthouse: Cuộc chiến thượng lưu lại chứa nhiều nội dung bạo lực gây tranh cãi, theo Koreaboo ngày 11.6.',46,71,'https://thanhnien.vn/van-hoa/penthouse-cuoc-chien-thuong-luu-co-nhieu-canh-bao-luc-gay-tranh-cai-bien-kich-noi-gi-1397477.html','https://thanhnien.vn/van-hoa/penthouse-cuoc-chien-thuong-luu-co-nhieu-canh-bao-luc-gay-tranh-cai-bien-kich-noi-gi-1397477.html',NULL,NULL,0),(230,'Gaspar Noé - \'quái kiệt\' Argentina tái xuất LHP Cannes 2021','Trang IndieWire ngày 10.6 đưa tin một trong những đạo diễn gây tranh cãi trong giới làm phim vì đề tài độc, lạ - Gaspar Noé có phim chiếu ra mắt tại LHP Cannes 2021 mang tên Vortex.',46,69,'https://thanhnien.vn/van-hoa/gaspar-noe-quai-kiet-argentina-tai-xuat-lhp-cannes-2021-1397375.html','https://thanhnien.vn/van-hoa/gaspar-noe-quai-kiet-argentina-tai-xuat-lhp-cannes-2021-1397375.html',NULL,NULL,0),(231,'Warner Bros. chuẩn bị làm phim hoạt hình \'Chúa tể những chiếc nhẫn\'','Hãng phim Warner Bros. sẽ sản xuất phim hoạt hình lấy bối cảnh từ thế giới của cuốn sách nổi tiếng Chúa tể những chiếc nhẫn (The Lord of The Rings) của tác giả J.R.R Tolkien, theo Reuters.',46,60,'https://thanhnien.vn/van-hoa/warner-bros-chuan-bi-lam-phim-hoat-hinh-chua-te-nhung-chiec-nhan-1397165.html','https://thanhnien.vn/van-hoa/warner-bros-chuan-bi-lam-phim-hoat-hinh-chua-te-nhung-chiec-nhan-1397165.html',NULL,NULL,0),(232,'Bún thang - nét thanh tao của ẩm thực Hà Nội','Không khó để kiếm một quán bún thang trên phố, nhưng ngon, đúng vị, nguyên sắc thì chỉ có một vài nơi như quán bún thang ở Hàng Hòm, Cầu Gỗ hay Giảng Võ...',49,72,'https://thanhnien.vn/van-hoa/mon-ngon-ha-noi/bun-thang-net-thanh-tao-cua-am-thuc-ha-noi-1397122.html','https://thanhnien.vn/van-hoa/mon-ngon-ha-noi/bun-thang-net-thanh-tao-cua-am-thuc-ha-noi-1397122.html',NULL,NULL,0),(233,'Cháo trai nóng hổi phố Nghĩa Tân','Bát cháo không quá đầy như một tô phở, thích thì ăn chơi, mát trời thì gọi thêm một tô nữa.',49,73,'https://thanhnien.vn/van-hoa/mon-ngon-ha-noi/chao-trai-nong-hoi-pho-nghia-tan-1397132.html','https://thanhnien.vn/van-hoa/mon-ngon-ha-noi/chao-trai-nong-hoi-pho-nghia-tan-1397132.html',NULL,NULL,0),(234,'Chè sen nhãn nước dừa Bát Đàn - ngon nhưng cực đắt!','Giá 30.000 đồng mỗi ly, nhưng đến Bát Đàn ăn một lần và nghe kể về những kỳ công để món ăn này bao nhiêu năm qua vẫn giữ được tiếng thơm, nhiều người gật gù: “Đắt, công nhận, xắt ra miếng”.',49,73,'https://thanhnien.vn/van-hoa/mon-ngon-ha-noi/che-sen-nhan-nuoc-dua-bat-dan-ngon-nhung-cuc-dat-1397139.html','https://thanhnien.vn/van-hoa/mon-ngon-ha-noi/che-sen-nhan-nuoc-dua-bat-dan-ngon-nhung-cuc-dat-1397139.html',NULL,NULL,0),(235,'Hoài niệm bánh cốm Hà Nội','Gói chiếc bánh lại, như gói cả một mùa thu trong vắt.',49,73,'https://thanhnien.vn/van-hoa/mon-ngon-ha-noi/hoai-niem-banh-com-ha-noi-1397154.html','https://thanhnien.vn/van-hoa/mon-ngon-ha-noi/hoai-niem-banh-com-ha-noi-1397154.html',NULL,NULL,0),(236,'Phim Hãy nói lời yêu tập 18: Bình quay lại trả đũa gia đình My thế nào?','Phim Hãy nói lời yêu tập 18: Bà Hoài tiếp tục “công kích” chồng và “tiểu tam”; Bình gửi tin nhắn đe dọa My.',50,74,'https://thanhnien.vn/giai-tri/phim-hay-noi-loi-yeu-tap-18-binh-quay-lai-tra-dua-gia-dinh-my-the-nao-1397161.html','https://thanhnien.vn/giai-tri/phim-hay-noi-loi-yeu-tap-18-binh-quay-lai-tra-dua-gia-dinh-my-the-nao-1397161.html',NULL,NULL,0),(237,'Phim Hương vị tình thân tập 39: Thy có đón nhận tình cảm của Huy?','Phim Hương vị tình thân tập 39: Khánh cưa cẩm Nam muốn cô là bà chủ; Huy tỏ tình với Thy; bà Xuân soi chuyện yêu của Huy trên Facebook.',50,74,'https://thanhnien.vn/giai-tri/phim-huong-vi-tinh-than-tap-39-thy-co-don-nhan-tinh-cam-cua-huy-1397094.html','https://thanhnien.vn/giai-tri/phim-huong-vi-tinh-than-tap-39-thy-co-don-nhan-tinh-cam-cua-huy-1397094.html',NULL,NULL,0),(238,'Phim Hãy nói lời yêu tập 17: My gặp Trâm để xin tha cho mẹ','Phim Hãy nói lời yêu tập 17: Trâm muốn bà Hoài rục xương trong tù dù My đã đến gặp để xin tha cho mẹ; Tú vào nhà nghỉ với Duy, Mẹ con Phan vào phòng phẫu thuật.',50,74,'https://thanhnien.vn/giai-tri/phim-hay-noi-loi-yeu-tap-17-my-gap-tram-de-xin-tha-cho-me-1396613.html','https://thanhnien.vn/giai-tri/phim-hay-noi-loi-yeu-tap-17-my-gap-tram-de-xin-tha-cho-me-1396613.html',NULL,NULL,0),(239,'Phim Hương vị tình thân tập 38: Nhìn thấy Thy đau khổ, Huy rủ đi trốn','Phim Hương vị tình thân tập 38: Huy khẳng định tình yêu với Thy; Nhìn thấy Thy khóc ngất, Huy rủ cô đi trốn…',50,74,'https://thanhnien.vn/giai-tri/phim-huong-vi-tinh-than-tap-38-nhin-thay-thy-dau-kho-huy-ru-di-tron-1396586.html','https://thanhnien.vn/giai-tri/phim-huong-vi-tinh-than-tap-38-nhin-thay-thy-dau-kho-huy-ru-di-tron-1396586.html',NULL,NULL,0),(240,'Chàng trai tốt nghiệp trường tốp, bỏ thành phố về quê làm nông','Những tưởng học giỏi, đẹp trai, sau khi tốt nghiệp Trường ĐH Ngoại thương sẽ tìm một công việc như ý ở thành phố nhưng Khuất Cao Khuê (24 tuổi) lại chọn về quê khởi nghiệp với nghề nông.',53,75,'https://thanhnien.vn/gioi-tre/chang-trai-tot-nghiep-truong-top-bo-thanh-pho-ve-que-lam-nong-1314087.html','https://thanhnien.vn/gioi-tre/chang-trai-tot-nghiep-truong-top-bo-thanh-pho-ve-que-lam-nong-1314087.html',NULL,NULL,0),(241,'Người trẻ háo hức check-in lễ hội hoa đăng, cầu tình yêu','Nếu bạn từng say đắm vẻ đẹp cầu tình yêu ở Đà Nẵng thì nay Cần Thơ cũng có cầu đi bộ cho phép để lại những chiếc móc khóa tình yêu, giúp bạn ghi lại kỷ niệm của riêng mình.',53,76,'https://thanhnien.vn/gioi-tre/nguoi-tre-hao-huc-check-in-le-hoi-hoa-dang-cau-tinh-yeu-1309857.html','https://thanhnien.vn/gioi-tre/nguoi-tre-hao-huc-check-in-le-hoi-hoa-dang-cau-tinh-yeu-1309857.html',NULL,NULL,0),(242,'Cô giáo xinh đẹp thất nghiệp vì Covid-19, kiếm tiền tỉ nhờ nghề mới','Nữ giáo viên tại Mỹ thất nghiệp do đại dịch Covid-19 hé lộ cách kiếm tiền mới và còn nhận được vô số lời cầu hôn.',54,31,'https://thanhnien.vn/gioi-tre/co-giao-xinh-dep-that-nghiep-vi-covid-19-kiem-tien-ti-nho-nghe-moi-1319756.html','https://thanhnien.vn/gioi-tre/co-giao-xinh-dep-that-nghiep-vi-covid-19-kiem-tien-ti-nho-nghe-moi-1319756.html',NULL,NULL,0),(243,'Xôn xao thông tin nam sinh đặt máy quay lén nữ sinh trong nhà vệ sinh','Ông Nguyễn Văn Hiệp, Hiệu trưởng Trường THPT Giồng Ông Tố (Q.2, TP.HCM) xác nhận sự việc nam sinh đặt máy quay lén nhà vệ sinh nữ xảy ra ở trường.',54,75,'https://thanhnien.vn/gioi-tre/xon-xao-thong-tin-nam-sinh-dat-may-quay-len-nu-sinh-trong-nha-ve-sinh-1312576.html','https://thanhnien.vn/gioi-tre/xon-xao-thong-tin-nam-sinh-dat-may-quay-len-nu-sinh-trong-nha-ve-sinh-1312576.html',NULL,NULL,0),(244,'Giới trẻ khoe ảnh \'dậy thì thành công\'','Gần đây, nhiều người trẻ thường xuyên khoe ảnh \'dậy thì thành công\' lên mạng xã hội khiến cư dân mạng trầm trồ vì những thay đổi quá lớn. Đến nỗi có người phải thốt lên rằng: \'Đây có phải cùng một người không vậy?\'',54,77,'https://thanhnien.vn/gioi-tre/gioi-tre-khoe-anh-day-thi-thanh-cong-1309847.html','https://thanhnien.vn/gioi-tre/gioi-tre-khoe-anh-day-thi-thanh-cong-1309847.html',NULL,NULL,0),(245,'Ngày Nhà giáo Việt Nam 20.11: Người trẻ gửi lời chúc đến thầy cô miền Trung','Ngày Nhà giáo Việt Nam 20.11 năm nay nhiều bạn trẻ đã cùng hướng về miền Trung, gửi những lời chúc mừng tốt đẹp nhất đến quý thầy cô đang công tác tại vùng đất này.',54,76,'https://thanhnien.vn/gioi-tre/ngay-nha-giao-viet-nam-2011-nguoi-tre-gui-loi-chuc-den-thay-co-mien-trung-1307071.html','https://thanhnien.vn/gioi-tre/ngay-nha-giao-viet-nam-2011-nguoi-tre-gui-loi-chuc-den-thay-co-mien-trung-1307071.html',NULL,NULL,0),(246,'Vẽ nam sinh trong chiếc áo dài, trào lưu được nhiều bạn trẻ hưởng ứng','Không chỉ ủng hộ cho đề xuất nam sinh mặc áo dài đến trường vào thứ hai hằng tuần, nhiều bạn trẻ còn vẽ hình để gửi gắm thông điệp của mình.',54,78,'https://thanhnien.vn/gioi-tre/ve-nam-sinh-trong-chiec-ao-dai-trao-luu-duoc-nhieu-ban-tre-huong-ung-1304466.html','https://thanhnien.vn/gioi-tre/ve-nam-sinh-trong-chiec-ao-dai-trao-luu-duoc-nhieu-ban-tre-huong-ung-1304466.html',NULL,NULL,0),(247,'Trào lưu \'howmuchhaveyouchangedchallenge\' thu hút giới trẻ','Nhiều bạn trẻ tỏ ra thích thú và hưởng ứng nhiệt tình trào lưu howmuchhaveyouchangedchallenge (tạm dịch: bạn đã thay đổi như thế nào) trên Facebook và xem đây là dịp nhìn lại bản thân sau những gì đã trải qua.',54,76,'https://thanhnien.vn/gioi-tre/trao-luu-howmuchhaveyouchangedchallenge-thu-hut-gioi-tre-1304054.html','https://thanhnien.vn/gioi-tre/trao-luu-howmuchhaveyouchangedchallenge-thu-hut-gioi-tre-1304054.html',NULL,NULL,0),(248,'Tựa bài môn văn chưa bao giờ đẹp đến thế!','Xuất phát từ niềm đam mê với cái đẹp và bộ môn văn, Châu Khả Di (20 tuổi) đã thực hiện các clip hướng dẫn trang trí vở chép bài môn văn làm nhiều bạn trẻ thích thú.',54,76,'https://thanhnien.vn/gioi-tre/tua-bai-mon-van-chua-bao-gio-dep-den-the-1294566.html','https://thanhnien.vn/gioi-tre/tua-bai-mon-van-chua-bao-gio-dep-den-the-1294566.html',NULL,NULL,0),(249,'Ý kiến sinh viên: Để trở thành người bạn đồng hành','Trước thềm Đại hội Hội Sinh viên VN, nhiều sinh viên đã có những đề xuất thiết thực để đóng góp, giúp Hội thực sự là người bạn đồng hành.',55,56,'https://thanhnien.vn/gioi-tre/y-kien-sinh-vien-de-tro-thanh-nguoi-ban-dong-hanh-1029964.html','https://thanhnien.vn/gioi-tre/y-kien-sinh-vien-de-tro-thanh-nguoi-ban-dong-hanh-1029964.html',NULL,NULL,0),(250,'Đội Abivin vô địch cuộc thi khởi nghiệp sáng tạo quốc gia 2018','Vượt qua 9 đối thủ, đội Abivin - đơn vị cung cấp giải pháp tối ưu hóa chuỗi cung ứng trên nền tảng AI dành cho các doanh nghiệp - đã vô địch cuộc thi khởi nghiệp sáng tạo quốc gia năm 2018.',55,6,'https://thanhnien.vn/gioi-tre/doi-abivin-vo-dich-cuoc-thi-khoi-nghiep-sang-tao-quoc-gia-2018-1029024.html','https://thanhnien.vn/gioi-tre/doi-abivin-vo-dich-cuoc-thi-khoi-nghiep-sang-tao-quoc-gia-2018-1029024.html',NULL,NULL,0),(251,'Khai mạc diễn đàn Trí thức trẻ Việt Nam toàn cầu lần thứ nhất','Ngày 28.11, tại TP.Đà Năng, Diễn đàn Trí thức trẻ Việt Nam toàn cầu lần thứ nhất, năm 2018 đã chính thức khai mạc.',55,54,'https://thanhnien.vn/gioi-tre/khai-mac-dien-dan-tri-thuc-tre-viet-nam-toan-cau-lan-thu-nhat-1027861.html','https://thanhnien.vn/gioi-tre/khai-mac-dien-dan-tri-thuc-tre-viet-nam-toan-cau-lan-thu-nhat-1027861.html',NULL,NULL,0),(252,'Đại hội hội sinh viên VN: Sẽ là không gian đầy sức trẻ, sáng tạo','Đại hội Hội Sinh viên VN lần thứ 10 nhiệm kỳ 2018 - 2023 diễn ra từ ngày 9 - 11.12 sẽ là một không gian mới đầy sáng tạo.',55,56,'https://thanhnien.vn/gioi-tre/dai-hoi-hoi-sinh-vien-vn-se-la-khong-gian-day-suc-tre-sang-tao-1027693.html','https://thanhnien.vn/gioi-tre/dai-hoi-hoi-sinh-vien-vn-se-la-khong-gian-day-suc-tre-sang-tao-1027693.html',NULL,NULL,0),(253,'Những người trẻ bắc nhịp cầu nhân ái','Trong những gương mặt được tôn vinh Giải thưởng 15 tháng 10 và Giải thưởng Thanh niên sống đẹp, nhiều bạn trẻ là người \'có duyên\' nối nhịp cầu nhân ái.',55,56,'https://thanhnien.vn/gioi-tre/nhung-nguoi-tre-bac-nhip-cau-nhan-ai-1013397.html','https://thanhnien.vn/gioi-tre/nhung-nguoi-tre-bac-nhip-cau-nhan-ai-1013397.html',NULL,NULL,0),(254,'Tình nguyện không chỉ là... khoảnh khắc','Cuộc thi ảnh Khoảnh khắc tình nguyện năm 2018 do Cổng thông tin T.Ư Đoàn tổ chức đã khép lại với nhiều thông điệp ý nghĩa. Không chỉ là khoảnh khắc, phía sau những bức ảnh là những năm tháng tình nguyện khó phai của các bạn trẻ.',55,56,'https://thanhnien.vn/gioi-tre/tinh-nguyen-khong-chi-la-khoanh-khac-1011668.html','https://thanhnien.vn/gioi-tre/tinh-nguyen-khong-chi-la-khoanh-khac-1011668.html',NULL,NULL,0),(255,'\'Con hẻm này từ nay không còn lầy lội, bụi bặm nữa\'','Đó là lời bộc bạch của cô Nguyễn Thị Nhung tại lễ khánh thành công trình thanh niên bê tông hóa tuyến hẻm giao thông nông thôn tại Tổ 12, KP.4 P.An Phú Đông, Q.12 (TP.HCM) vào ngày 11.8.',55,59,'https://thanhnien.vn/gioi-tre/con-hem-nay-tu-nay-khong-con-lay-loi-bui-bam-nua-992226.html','https://thanhnien.vn/gioi-tre/con-hem-nay-tu-nay-khong-con-lay-loi-bui-bam-nua-992226.html',NULL,NULL,0),(256,'Thúc đẩy truyền thông thanh niên các nước Mê Kông - Lan Thương','Tiếp tục Chương trình hành trình tiểu vùng sông Mê Kông lần thứ 13, ngày 19.3 tại tỉnh Chiang Mai (Thái Lan), các đại biểu thanh niên 6 nước Mê Kông - Lan Thương đã có buổi hội thảo về \'Khát vọng, trách nhiệm của truyền thông thanh niên trong thúc đẩy tình hữu nghị và tin tưởng lẫn nhau\'.',55,44,'https://thanhnien.vn/gioi-tre/thuc-day-truyen-thong-thanh-nien-cac-nuoc-me-kong-lan-thuong-943709.html','https://thanhnien.vn/gioi-tre/thuc-day-truyen-thong-thanh-nien-cac-nuoc-me-kong-lan-thuong-943709.html',NULL,NULL,0),(257,'Thanh niên 6 nước Mê Kông - Lan Thương ra tuyên bố chung','Tiếp tục Chương trình hành trình tiểu vùng sông Mê Kông lần thứ 13, ngày 17.3, tại TP.Côn Minh (Vân Nam, Trung Quốc), đại diện đoàn thanh niên 6 nước Mê Kông - Lan Thương đã ký tuyên bố chung của truyền thông thanh niên trong việc xây dựng cộng đồng chia sẻ tương lai.',55,44,'https://thanhnien.vn/gioi-tre/thanh-nien-6-nuoc-me-kong-lan-thuong-ra-tuyen-bo-chung-942961.html','https://thanhnien.vn/gioi-tre/thanh-nien-6-nuoc-me-kong-lan-thuong-ra-tuyen-bo-chung-942961.html',NULL,NULL,0),(258,'Tỉnh đoàn Vĩnh Long vận động người dân tham gia giải cứu khoai lang','Bất kể trời mưa, hàng chục đoàn viên thanh niên tỉnh Vĩnh Long đã xuống ruộng nhổ khoai, vận chuyển đi bán giúp nông dân hiện như đang \'ngồi trên đống lửa\' vì không xuất khẩu được do dịch Covid-19.',56,15,'https://thanhnien.vn/gioi-tre/tinh-doan-vinh-long-van-dong-nguoi-dan-tham-gia-giai-cuu-khoai-lang-1389946.html','https://thanhnien.vn/gioi-tre/tinh-doan-vinh-long-van-dong-nguoi-dan-tham-gia-giai-cuu-khoai-lang-1389946.html',NULL,NULL,0),(259,'Trung ương Đoàn tặng bằng khen cho tài xế tìm người thân cháu bé bị lạc trong đêm','Ban chấp hành Trung ương Đoàn đã quyết định tặng bằng khen cho đoàn viên Nguyễn Xuân Trường (Bình Định) vì đã có hành động đẹp: Bảo vệ và tìm người thân cháu bé bị lạc trong đêm.',56,29,'https://thanhnien.vn/gioi-tre/trung-uong-doan-tang-bang-khen-cho-tai-xe-tim-nguoi-than-chau-be-bi-lac-trong-dem-1389166.html','https://thanhnien.vn/gioi-tre/trung-uong-doan-tang-bang-khen-cho-tai-xe-tim-nguoi-than-chau-be-bi-lac-trong-dem-1389166.html',NULL,NULL,0),(260,'Học và làm theo Bác phải đo lường bằng kết quả cụ thể','Ngày 25.5, T.Ư Đoàn tổ chức Hội nghị sơ kết 5 năm thực hiện Chỉ thị 05-CT/TW ngày 15.5.2016 của Bộ Chính trị về “Đẩy mạnh học tập và làm theo Hồ Chí Minh”',56,56,'https://thanhnien.vn/gioi-tre/hoc-va-lam-theo-bac-phai-do-luong-bang-ket-qua-cu-the-1388802.html','https://thanhnien.vn/gioi-tre/hoc-va-lam-theo-bac-phai-do-luong-bang-ket-qua-cu-the-1388802.html',NULL,NULL,0),(261,'Khởi nghiệp sẽ quyết định tình hình phát triển kinh tế của đất nước','Nhiều ý kiến của người trẻ đặt ra cho Bí thư thứ nhất T.Ư Đoàn Nguyễn Anh Tuấn tại Hội nghị tiếp xúc cử tri trong chương trình vận động ứng cử đại biểu Quốc hội khóa XV, nhiệm kỳ 2021 -2026, diễn ra vào ngày 17.5.',56,59,'https://thanhnien.vn/gioi-tre/khoi-nghiep-se-quyet-dinh-tinh-hinh-phat-trien-kinh-te-cua-dat-nuoc-1384841.html','https://thanhnien.vn/gioi-tre/khoi-nghiep-se-quyet-dinh-tinh-hinh-phat-trien-kinh-te-cua-dat-nuoc-1384841.html',NULL,NULL,0),(262,'Bí thư thứ nhất T.Ư Đoàn Nguyễn Anh Tuấn đi thăm, tặng quà cho các hộ nghèo','Chiều 14.5, Ủy viên T.Ư Đảng, Bí thư thứ nhất T.Ư Đoàn, Chủ tịch T.Ư Hội Liên hiệp Thanh niên Việt Nam Nguyễn Anh Tuấn đã đến thăm các hộ nghèo trên địa bàn TP.Thủ Đức (TP.HCM) có vay vốn ngân hàng chính sách xã hội.',56,59,'https://thanhnien.vn/gioi-tre/bi-thu-thu-nhat-tu-doan-nguyen-anh-tuan-di-tham-tang-qua-cho-cac-ho-ngheo-1383680.html','https://thanhnien.vn/gioi-tre/bi-thu-thu-nhat-tu-doan-nguyen-anh-tuan-di-tham-tang-qua-cho-cac-ho-ngheo-1383680.html',NULL,NULL,0),(263,'Tiếp tục triển khai chương trình \'San sẻ yêu thương\' với người dân','Ngày 15 - 16.5, Hội Liên hiệp Thanh niên Việt Nam sẽ tiếp tục triển khai chương trình \'San sẻ yêu thương\', chung tay cùng người dân vượt qua đại dịch Covid-19 ở TP.Thủ Đức (TP.HCM) với người già neo đơn, công nhân có hoàn cảnh khó khăn.',56,59,'https://thanhnien.vn/gioi-tre/tiep-tuc-trien-khai-chuong-trinh-san-se-yeu-thuong-voi-nguoi-dan-1383174.html','https://thanhnien.vn/gioi-tre/tiep-tuc-trien-khai-chuong-trinh-san-se-yeu-thuong-voi-nguoi-dan-1383174.html',NULL,NULL,0),(264,'Khơi dậy khát vọng cống hiến trong người trẻ','Bộ GD-ĐT và T.Ư Đoàn phối hợp tổ chức hội nghị tổng kết 5 năm đề án Tăng cường giáo dục lý tưởng cách mạng, đạo đức, lối sống cho thanh niên, thiếu niên và nhi đồng giai đoạn 2015 - 2020.',56,56,'https://thanhnien.vn/gioi-tre/khoi-day-khat-vong-cong-hien-trong-nguoi-tre-1382079.html','https://thanhnien.vn/gioi-tre/khoi-day-khat-vong-cong-hien-trong-nguoi-tre-1382079.html',NULL,NULL,0),(265,'Thành Đoàn Đà Nẵng kêu gọi 15.000 thanh niên tình nguyện tham gia chống dịch Covid-19','Ngày 10.5, Bí thư Thành Đoàn Đà Nẵng cho biết, Đà Nẵng đang huy động khẩn cấp đội quân thanh niên tình nguyện hỗ trợ truy vết, phòng chống dịch Covid-19 tại địa phương lên đến 15.000 đoàn viên thanh niên.',56,54,'https://thanhnien.vn/gioi-tre/thanh-doan-da-nang-keu-goi-15000-thanh-nien-tinh-nguyen-chong-dich-covid-19-1381737.html','https://thanhnien.vn/gioi-tre/thanh-doan-da-nang-keu-goi-15000-thanh-nien-tinh-nguyen-chong-dich-covid-19-1381737.html',NULL,NULL,0),(266,'Bí thư T.Ư Đoàn Nguyễn Ngọc Lương: Quan tâm giải quyết việc làm cho lao động địa phương','Tiếp xúc cử tri với vai trò ứng viên Đại biểu Quốc hội khóa XV đơn vị số 1 tỉnh Trà Vinh, Bí thư T.Ư Đoàn Nguyễn Ngọc Lương khẳng định quê hương Trà Vinh giàu truyền thống và nhiều tiềm năng phát triển.',56,18,'https://thanhnien.vn/gioi-tre/bi-thu-tu-doan-nguyen-ngoc-luong-quan-tam-giai-quyet-viec-lam-cho-lao-dong-dia-phuong-1380829.html','https://thanhnien.vn/gioi-tre/bi-thu-tu-doan-nguyen-ngoc-luong-quan-tam-giai-quyet-viec-lam-cho-lao-dong-dia-phuong-1380829.html',NULL,NULL,0),(267,'Bốn ngày nữa là nộp hồ sơ đăng ký dự thi, thí sinh cần lưu ý gì?','Ghi hồ sơ dự thi tốt nghiệp THPT và xét tuyển ĐH, CĐ như thế nào cho thật chính xác, cách sắp xếp nguyện vọng ưu tiên ra sao để tăng cơ hội trúng tuyển, ôn tập và giữ tâm lý thế nào để đạt điểm cao...',57,57,'https://thanhnien.vn/giao-duc/bon-ngay-nua-la-nop-ho-so-dang-ky-du-thi-thi-sinh-can-luu-y-gi-1373227.html','https://thanhnien.vn/giao-duc/bon-ngay-nua-la-nop-ho-so-dang-ky-du-thi-thi-sinh-can-luu-y-gi-1373227.html',NULL,NULL,0),(268,'Cách đăng ký hồ sơ để xét tuyển đại học thuận lợi','Thí sinh chuẩn bị đăng ký thi tốt nghiệp THPT và xét tuyển vào các trường ĐH, CĐ. Tại chương trình \'Chuẩn bị hồ sơ đăng ký dự thi sao cho đúng?\', các chuyên gia có lời khuyên cho thí sinh đăng ký hồ sơ tránh sai sót.',57,79,'https://thanhnien.vn/giao-duc/cach-dang-ky-ho-so-de-xet-tuyen-dai-hoc-thuan-loi-1372612.html','https://thanhnien.vn/giao-duc/cach-dang-ky-ho-so-de-xet-tuyen-dai-hoc-thuan-loi-1372612.html',NULL,NULL,0),(269,'Đừng để mất cả thanh xuân làm hồ sơ đăng ký dự thi','Thạc sĩ Cao Quảng Tư, Giám đốc tuyển sinh Trường ĐH Quốc tế Sài Gòn, cho biết để không mất cả thanh xuân đăng ký dự thi tốt nghiệp THPT và xét tuyển ĐH, thí sinh cần phải cẩn thận ngay từ đầu.',57,75,'https://thanhnien.vn/giao-duc/dung-de-mat-ca-thanh-xuan-lam-ho-so-dang-ky-du-thi-1372822.html','https://thanhnien.vn/giao-duc/dung-de-mat-ca-thanh-xuan-lam-ho-so-dang-ky-du-thi-1372822.html',NULL,NULL,0),(270,'Cách điền hồ sơ đăng ký dự thi tốt nghiệp THPT và xét tuyển ĐH-CĐ','Vào 18 giờ 40 hôm nay (22.4), Báo Thanh Niên tổ chức chương trình tư vấn truyền hình trực tuyến \'Chọn ngành học cho tương lai\' với chủ đề \'Chuẩn bị một bộ hồ sơ đăng ký dự thi sao cho đúng?\'.',57,80,'https://thanhnien.vn/giao-duc/cach-dien-ho-so-dang-ky-du-thi-tot-nghiep-thpt-va-xet-tuyen-dh-cd-1372750.html','https://thanhnien.vn/giao-duc/cach-dien-ho-so-dang-ky-du-thi-tot-nghiep-thpt-va-xet-tuyen-dh-cd-1372750.html',NULL,NULL,0),(271,'Chuẩn bị hồ sơ đăng ký dự thi sao cho đúng?','Vào 17 giờ 30 hôm nay (22.4), Báo Thanh Niên tổ chức chương trình tư vấn truyền hình trực tuyến \'Chọn ngành học cho tương lai\' với chủ đề \'Chuẩn bị một bộ hồ sơ đăng ký dự thi sao cho đúng?\'.',57,73,'https://thanhnien.vn/giao-duc/chuan-bi-ho-so-dang-ky-du-thi-sao-cho-dung-1372738.html','https://thanhnien.vn/giao-duc/chuan-bi-ho-so-dang-ky-du-thi-sao-cho-dung-1372738.html',NULL,NULL,0),(272,'Năm 2021, Trường CĐ Kinh tế TP.HCM xét tuyển 2.495 chỉ tiêu','Năm 2021, Trường CĐ Kinh tế TP.HCM dự kiến xét tuyển 2.495 chỉ tiêu dựa vào kết quả thi tốt nghiệp THPT và kết quả học bạ lớp 12.',57,57,'https://thanhnien.vn/giao-duc/nam-2021-truong-cd-kinh-te-tphcm-xet-tuyen-2495-chi-tieu-1372246.html','https://thanhnien.vn/giao-duc/nam-2021-truong-cd-kinh-te-tphcm-xet-tuyen-2495-chi-tieu-1372246.html',NULL,NULL,0),(273,'Trường đại học không được công bố trúng tuyển khi thí sinh chưa tốt nghiệp THPT','Thời gian vừa qua, một số trường ĐH công bố danh sách trúng tuyển có điều kiện theo phương thức xét học bạ khi thí sinh chưa tốt nghiệp THPT. Theo quy định của Bộ GD-ĐT, điều này là không được phép.',57,79,'https://thanhnien.vn/giao-duc/truong-dai-hoc-khong-duoc-cong-bo-trung-tuyen-khi-thi-sinh-chua-tot-nghiep-thpt-1372168.html','https://thanhnien.vn/giao-duc/truong-dai-hoc-khong-duoc-cong-bo-trung-tuyen-khi-thi-sinh-chua-tot-nghiep-thpt-1372168.html',NULL,NULL,0),(274,'Học sinh chọn bài thi khoa học xã hội vẫn có xu hướng tăng','Theo thăm dò của các trường THPT tại TP.HCM, kỳ thi tốt nghiệp THPT năm nay, số lượng học sinh lựa chọn bài thi khoa học xã hội vẫn tiếp tục tăng.',57,80,'https://thanhnien.vn/giao-duc/hoc-sinh-chon-bai-thi-khoa-hoc-xa-hoi-van-co-xu-huong-tang-1371980.html','https://thanhnien.vn/giao-duc/hoc-sinh-chon-bai-thi-khoa-hoc-xa-hoi-van-co-xu-huong-tang-1371980.html',NULL,NULL,0),(275,'Những lưu ý khi chọn nguyện vọng vào lớp 10','Chiều 20.4, Sở GD-ĐT TP.HCM đã công bố chỉ tiêu tuyển sinh vào lớp 10 năm học 2021 - 2022. Đây là những thông tin quan trọng để học sinh cân nhắc đăng ký nguyện vọng.',57,80,'https://thanhnien.vn/giao-duc/nhung-luu-y-khi-chon-nguyen-vong-vao-lop-10-1372004.html','https://thanhnien.vn/giao-duc/nhung-luu-y-khi-chon-nguyen-vong-vao-lop-10-1372004.html',NULL,NULL,0),(276,'Công bố chỉ tiêu tuyển sinh lớp 10 tại TP.HCM','Chiều 20.4, Sở GD-ĐT TP.HCM đã công bố chỉ tiêu tuyển sinh lớp 10 năm học 2021 - 2022.',57,80,'https://thanhnien.vn/giao-duc/cong-bo-chi-tieu-tuyen-sinh-lop-10-tai-tphcm-1371783.html','https://thanhnien.vn/giao-duc/cong-bo-chi-tieu-tuyen-sinh-lop-10-tai-tphcm-1371783.html',NULL,NULL,0),(277,'Tuyển sinh lớp 10: Thí sinh cần chuẩn bị gì trước khi vào phòng thi?','Ngoài việc chuẩn bị kỹ tâm lý, kiến thức vững vàng cho kỳ thi tuyển sinh lớp 10, thí sinh cần phải lưu ý giữ sức khoẻ tốt, chuẩn bị đầy đủ giấy tờ cần thiết, đi thi đúng giờ…',58,81,'https://thanhnien.vn/giao-duc/tuyen-sinh-lop-10-thi-sinh-can-chuan-bi-gi-truoc-khi-vao-phong-thi-1238038.html','https://thanhnien.vn/giao-duc/tuyen-sinh-lop-10-thi-sinh-can-chuan-bi-gi-truoc-khi-vao-phong-thi-1238038.html',NULL,NULL,0),(278,'Tư vấn mùa thi: Có được chọn chuyên ngành khi đăng ký xét tuyển ĐH ?','Đang trong thời điểm nộp hồ sơ dự thi tốt nghiệp THPT và xét tuyển ĐH nên nhiều thí sinh thắc mắc có được chọn chuyên ngành ngay khi đăng ký xét tuyển hay không, cách ghi chuyên ngành trong hồ sơ như thế nào...',58,57,'https://thanhnien.vn/giao-duc/tu-van-mua-thi-co-duoc-chon-chuyen-nganh-khi-dang-ky-xet-tuyen-dh-1237827.html','https://thanhnien.vn/giao-duc/tu-van-mua-thi-co-duoc-chon-chuyen-nganh-khi-dang-ky-xet-tuyen-dh-1237827.html',NULL,NULL,0),(279,'Tư vấn mùa thi trên Đài PT-TH Gia Lai: Ngày mốt nộp hồ sơ dự thi','Vào lúc 15 giờ ngày 13.6, chương trình Tư vấn mùa thi do Báo Thanh Niên thực hiện đã được truyền hình trên Đài Phát thanh- Truyền hình Gia Lai, đồng thời trực tuyến trên thanhnien.vn, facebook.com/thanhnien và kênh YouTube Báo Thanh Niên.',58,82,'https://thanhnien.vn/giao-duc/tu-van-mua-thi-tren-dai-pt-th-gia-lai-ngay-mot-nop-ho-so-du-thi-1236771.html','https://thanhnien.vn/giao-duc/tu-van-mua-thi-tren-dai-pt-th-gia-lai-ngay-mot-nop-ho-so-du-thi-1236771.html',NULL,NULL,0),(280,'Những con đường khác không vào lớp 10: Học cao đẳng, trung cấp để sớm có nghề nghiệp','Từ 2 - 3,5 năm, người học vừa có trình độ văn hóa THPT vừa có kỹ năng nghề nghiệp để tham gia thị trường lao động. Con đường học nghề dành cho học sinh hết lớp 9 nhưng không vào lớp 10 công lập rộng mở.',58,57,'https://thanhnien.vn/giao-duc/nhung-con-duong-khac-vao-lop-10-hoc-cao-dang-trung-cap-de-som-co-nghe-nghiep-1237108.html','https://thanhnien.vn/giao-duc/nhung-con-duong-khac-vao-lop-10-hoc-cao-dang-trung-cap-de-som-co-nghe-nghiep-1237108.html',NULL,NULL,0),(281,'Nơi học và hộ khẩu khác nhau, ưu tiên khu vực tính thế nào?','Hộ khẩu thường trú ở một nơi, học phổ thông ở nơi khác thì điểm ưu tiên khu vực được tính như thế nào?',58,82,'https://thanhnien.vn/giao-duc/noi-hoc-va-ho-khau-khac-nhau-uu-tien-khu-vuc-tinh-the-nao-953181.html','https://thanhnien.vn/giao-duc/noi-hoc-va-ho-khau-khac-nhau-uu-tien-khu-vuc-tinh-the-nao-953181.html',NULL,NULL,0),(282,'Hộp thư tư vấn 24/7: Giỏi toán và lý thì nên chọn ngành nào?','Em đang chuẩn bị nộp hồ sơ nhưng vẫn chưa biết nên chọn nghành nào. Em giỏi nhất là môn lý và toán, điểm thi ước chừng  khoảng 24-25 điểm, em yếu ngoại ngữ. Mong được các chuyên gia tư vấn cho em nên chọn ngành nghề nào cho thích hợp (tronghoang…@gmail.com)',58,57,'https://thanhnien.vn/giao-duc/hop-thu-tu-van-247-gioi-toan-va-ly-thi-nen-chon-nganh-nao-951495.html','https://thanhnien.vn/giao-duc/hop-thu-tu-van-247-gioi-toan-va-ly-thi-nen-chon-nganh-nao-951495.html',NULL,NULL,0),(283,'Làm sao vừa miễn thi tiếng Anh vừa xét tuyển ĐH?','Tôi là phụ huynh học sinh có con đang học lớp 12 và chuẩn bị tham gia kỳ thi PTTH quốc gia 2018. Hiện cháu nhà tôi đã có chứng chỉ ngoại ngữ quốc tế IELTS 6.5 (còn giá trị sử dụng).',58,79,'https://thanhnien.vn/giao-duc/lam-sao-vua-mien-thi-tieng-anh-vua-xet-tuyen-dh-951098.html','https://thanhnien.vn/giao-duc/lam-sao-vua-mien-thi-tieng-anh-vua-xet-tuyen-dh-951098.html',NULL,NULL,0),(284,'Hộp thư Tư vấn 24/7: Ghi mã ngành hay mã nhóm ngành?','Mỗi trường sẽ có quy định cách thức ghi mã và tên ngành/nhóm ngành không giống nhau. Thí sinh cần lưu ý để không bị sai sót trong hồ sơ xét tuyển.',58,82,'https://thanhnien.vn/giao-duc/hop-thu-tu-van-247-ghi-ma-nganh-hay-ma-nhom-nganh-950734.html','https://thanhnien.vn/giao-duc/hop-thu-tu-van-247-ghi-ma-nganh-hay-ma-nhom-nganh-950734.html',NULL,NULL,0),(285,'Chương trình đại trà khác chất lượng cao như thế nào?','Em thấy điểm chuẩn chương trình chất lượng cao và chương trình đại trà của Trường ĐH Sư phạm kỹ thuật khác nhau, điểm đại trà lại cao hơn 1-2 điểm.',58,57,'https://thanhnien.vn/giao-duc/chuong-trinh-dai-tra-khac-chat-luong-cao-nhu-the-nao-948916.html','https://thanhnien.vn/giao-duc/chuong-trinh-dai-tra-khac-chat-luong-cao-nhu-the-nao-948916.html',NULL,NULL,0),(286,'Hộp thư Tư vấn 24/7: Vẽ giỏi mới học được thiết kế?','Em muốn học ngành thiết kế nội thất của trường ĐH Kiến trúc TP.HCM. Em có cần phải vẽ giỏi hay không? Trường có tổ chức thi luyện thi môn năng khiếu hay không? 2 môn toán, lý của em khả năng chỉ được 13-14 điểm, vậy cơ hội đậu có cao?(Trần Tuấn Kiệt, Trường THPT Vị Thanh, Hậu Giang)',58,57,'https://thanhnien.vn/giao-duc/hop-thu-tu-van-247-ve-gioi-moi-hoc-duoc-thiet-ke-947334.html','https://thanhnien.vn/giao-duc/hop-thu-tu-van-247-ve-gioi-moi-hoc-duoc-thiet-ke-947334.html',NULL,NULL,0),(287,'Hộp thư Tư vấn 24/7: Nữ học ngành kỹ thuật có được ưu đãi?','Em thấy những ngành kỹ thuật như xây dựng, cơ khí chỉ dành cho nam. Vậy nếu em muốn đăng ký học thì có trở ngại gì không? Nữ học ngành kỹ thuật có được ưu đãi gì không? (Nguyễn Thị Hoài Thu, học sinh Trường THPT Gò Công, Tiền Giang)',58,57,'https://thanhnien.vn/giao-duc/hop-thu-tu-van-247-nu-hoc-nganh-ky-thuat-co-duoc-uu-dai-946691.html','https://thanhnien.vn/giao-duc/hop-thu-tu-van-247-nu-hoc-nganh-ky-thuat-co-duoc-uu-dai-946691.html',NULL,NULL,0),(288,'Hộp thư tư vấn 24/7: Có nên đăng ký xét tuyển nhiều nguyện vọng?','Em nghe nói năm nay thí sinh tiếp tục được đăng ký thoải mái các nguyện vọng trong phiếu xét tuyển. Vậy em có nên đăng ký càng nhiều ngành càng tốt, để nếu không trúng ngành này thì cũng sẽ trúng tuyển ngành kia? (Nguyễn Thu Thủy, Trường THPT Hoàng Hoa Thám, Đà Nẵng)',58,57,'https://thanhnien.vn/giao-duc/hop-thu-tu-van-247-co-nen-dang-ky-xet-tuyen-nhieu-nguyen-vong-944179.html','https://thanhnien.vn/giao-duc/hop-thu-tu-van-247-co-nen-dang-ky-xet-tuyen-nhieu-nguyen-vong-944179.html',NULL,NULL,0),(289,'Chính sách ưu tiên tuyển sinh thay đổi như thế nào?','Theo quy chế tuyển sinh, năm nay sẽ có nhiều thay đổi về chính sách ưu tiên khu vực.',58,82,'https://thanhnien.vn/giao-duc/chinh-sach-uu-tien-tuyen-sinh-thay-doi-nhu-the-nao-943879.html','https://thanhnien.vn/giao-duc/chinh-sach-uu-tien-tuyen-sinh-thay-doi-nhu-the-nao-943879.html',NULL,NULL,0),(290,'Chọn ngành học đón đầu 4.0','Robot bắt đầu có mặt tại các doanh nghiệp VN, tham gia giảng dạy trong trường học, phẫu thuật tại bệnh viện... Rồi các công cụ, phần mềm học tiếng Anh trên mạng thông minh đến mức tự hoàn thiện để hỗ trợ người học, giúp họ không cần phải đến trung tâm.',60,79,'https://thanhnien.vn/giao-duc/chon-nganh-hoc-don-dau-40-917342.html','https://thanhnien.vn/giao-duc/chon-nganh-hoc-don-dau-40-917342.html',NULL,NULL,0),(291,'Những tỉ phú thế giới học ngành gì?','Chúng ta hay nghe về những câu chuyện bỏ học, bắt đầu khởi nghiệp và trở nên giàu có như: Bill Gates, Mark Zuckerberg... Tuy nhiên, một trong những việc quan trọng nhất họ phải làm khi còn trẻ là chọn ngành học và vào đại học.',60,83,'https://thanhnien.vn/giao-duc/nhung-ti-phu-the-gioi-hoc-nganh-gi-878223.html','https://thanhnien.vn/giao-duc/nhung-ti-phu-the-gioi-hoc-nganh-gi-878223.html',NULL,NULL,0),(292,'Thầy giáo nhiều năm mặc áo dài đi dạy','Từ bất ngờ, thắc mắc, nay sinh viên nhiều trường đại học tại TP.HCM đã quen thuộc với hình ảnh một thầy giáo mặc áo dài mỗi khi đứng lớp.',62,77,'https://thanhnien.vn/giao-duc/thay-giao-nhieu-nam-mac-ao-dai-di-day-1303045.html','https://thanhnien.vn/giao-duc/thay-giao-nhieu-nam-mac-ao-dai-di-day-1303045.html',NULL,NULL,0),(293,'Cô giáo \'trồng người\' trên non cao','9 năm đến dạy học ở một ngôi trường không có nước sinh hoạt, cô giáo Lồ Thị Lan (30 tuổi) vẫn quyết tâm bám bản để nuôi dạy học sinh, với suy nghĩ: \'Nếu ai cũng nhận phần dễ thì khó khăn để phần ai\'.',62,56,'https://thanhnien.vn/giao-duc/co-giao-trong-nguoi-tren-non-cao-1298679.html','https://thanhnien.vn/giao-duc/co-giao-trong-nguoi-tren-non-cao-1298679.html',NULL,NULL,0),(294,'Thầy giáo dùng kiến thức hóa học giáo dục đạo đức học sinh','Luôn lắng nghe và thấu hiểu học sinh, thầy Phạm Lê Thanh đã dùng những kiến thức hóa học để giáo dục học sinh về lối sống đẹp.',62,80,'https://thanhnien.vn/giao-duc/thay-giao-dung-kien-thuc-hoa-hoc-giao-duc-dao-duc-hoc-sinh-1293614.html','https://thanhnien.vn/giao-duc/thay-giao-dung-kien-thuc-hoa-hoc-giao-duc-dao-duc-hoc-sinh-1293614.html',NULL,NULL,0),(295,'Bộ sưu tập hơn 200 nét chữ đẹp của cô giáo \'Viên phấn vàng\'','Trong suốt 29 năm đứng trên bục giảng, cô giáo từng đạt danh hiệu Viên phấn vàng 2007 Tống Trúc Ly luôn dành tình cảm đặc biệt cho những con chữ của học trò và lưu giữ lại như một kỷ niệm của thời thanh xuân.',62,76,'https://thanhnien.vn/giao-duc/bo-suu-tap-hon-200-net-chu-dep-cua-co-giao-vien-phan-vang-1273473.html','https://thanhnien.vn/giao-duc/bo-suu-tap-hon-200-net-chu-dep-cua-co-giao-vien-phan-vang-1273473.html',NULL,NULL,0),(296,'Thấy gì từ bức thư thầy hiệu trưởng gửi học sinh không đoạt giải cấp tỉnh?','Bức thư thầy hiệu trưởng gửi cô học trò duy nhất không đạt giải trong kỳ thi học sinh giỏi cấp tỉnh đã nhận được sự thấu cảm của chính những người thầy.',62,57,'https://thanhnien.vn/giao-duc/thay-gi-tu-buc-thu-thay-hieu-truong-gui-hoc-sinh-khong-doat-giai-cap-tinh-1245404.html','https://thanhnien.vn/giao-duc/thay-gi-tu-buc-thu-thay-hieu-truong-gui-hoc-sinh-khong-doat-giai-cap-tinh-1245404.html',NULL,NULL,0),(297,'Thầy giáo TP.HCM giúp các nguyên tố hóa học \'xài\' Facebook','Cacbon đang \'hẹn hò\' với magie, lưu huỳnh muốn rủ sắt lập “kèo” đi chơi, trong thiết kế của học trò một trường ở TP.HCM, các nguyên tố hóa học cũng \'xài\' Facebook như ai.',62,73,'https://thanhnien.vn/giao-duc/thay-giao-tphcm-giup-cac-nguyen-to-hoa-hoc-xai-facebook-1230611.html','https://thanhnien.vn/giao-duc/thay-giao-tphcm-giup-cac-nguyen-to-hoa-hoc-xai-facebook-1230611.html',NULL,NULL,0),(298,'Nam giới đừng bao giờ bỏ qua 12 triệu chứng này','Thật không may, nhiều nam giới bỏ qua các triệu chứng mà họ nên xem xét một cách nghiêm túc hơn.',75,84,'https://thanhnien.vn/suc-khoe/nam-gioi-dung-bao-gio-bo-qua-12-trieu-chung-nay-1374534.html','https://thanhnien.vn/suc-khoe/nam-gioi-dung-bao-gio-bo-qua-12-trieu-chung-nay-1374534.html',NULL,NULL,0),(299,'21 tỉnh, thành phố có mức sinh thấp','Bộ Y tế ngày 27.4 đã ban hành Quyết định 2019/QĐ-BYT công bố danh sách tỉnh, TP được phân chia theo các vùng mức sinh.',75,85,'https://thanhnien.vn/suc-khoe/21-tinh-thanh-pho-co-muc-sinh-thap-1375756.html','https://thanhnien.vn/suc-khoe/21-tinh-thanh-pho-co-muc-sinh-thap-1375756.html',NULL,NULL,0),(300,'6 loại thực phẩm dành cho nam giới mỗi ngày','Tiếp theo bài 5 loại thực phẩm hàng đầu nam giới nên ăn mỗi ngày, bài này sẽ giới thiệu 6 loại thực phẩm tiếp theo mà nam giới không nên bỏ qua, theo Eat This, Not That!',75,86,'https://thanhnien.vn/suc-khoe/6-loai-thuc-pham-danh-cho-nam-gioi-moi-ngay-1372825.html','https://thanhnien.vn/suc-khoe/6-loai-thuc-pham-danh-cho-nam-gioi-moi-ngay-1372825.html',NULL,NULL,0),(301,'Phần lớn các cặp vợ chồng sẽ khó thụ thai tự nhiên vào năm 2045?','Một trong những chuyên gia hàng đầu về sức khỏe cộng đồng của Mỹ mới đây cảnh báo đến năm 2045, phần lớn cặp vợ chồng sẽ gặp vấn đề về sinh sản. Muốn có con, họ cần phải dùng đến các phương pháp hỗ trợ sinh sản.',75,83,'https://thanhnien.vn/suc-khoe/phan-lon-cac-cap-vo-chong-se-kho-thu-thai-tu-nhien-vao-nam-2045-1361905.html','https://thanhnien.vn/suc-khoe/phan-lon-cac-cap-vo-chong-se-kho-thu-thai-tu-nhien-vao-nam-2045-1361905.html',NULL,NULL,0),(302,'Suýt bị hoại tử dương vật do nhờ bạn bơm silicon tăng kích thước','Đang đánh bắt cá trên ghe, thấy bạn tiêm silicon lỏng vào dương vật, ông Đ. nhờ tiêm luôn cho mình để cải thiện kích thước “cậu nhỏ”. Hậu quả là ông Đ. phải nhập viện mổ gấp.',75,44,'https://thanhnien.vn/suc-khoe/suyt-bi-hoai-tu-duong-vat-do-nho-ban-bom-silicon-tang-kich-thuoc-1358023.html','https://thanhnien.vn/suc-khoe/suyt-bi-hoai-tu-duong-vat-do-nho-ban-bom-silicon-tang-kich-thuoc-1358023.html',NULL,NULL,0),(303,'Sẽ có thuốc tránh thai cho nam giới mà không dùng đến hoóc môn','Các nhà khoa học mới đây đã phát hiện một hợp chất có thể bào chế thuốc tránh thai cho nam giới rất hiệu quả. Loại thuốc này không chứa hoóc môn nam, chỉ cần ngưng dùng thuốc là đàn ông có thể sinh con bình thường.',75,83,'https://thanhnien.vn/suc-khoe/se-co-thuoc-tranh-thai-cho-nam-gioi-ma-khong-dung-den-hooc-mon-1356484.html','https://thanhnien.vn/suc-khoe/se-co-thuoc-tranh-thai-cho-nam-gioi-ma-khong-dung-den-hooc-mon-1356484.html',NULL,NULL,0),(304,'Ly hôn kéo theo nhiều tác động tiêu cực đến sức khỏe','Một nghiên cứu mới vừa được công bố trên tạp chí Frontiers of Psychology cho thấy việc ly hôn có thể kéo theo nhiều tác động tiêu cực đến sức khỏe thể chất và tinh thần, theo trang tin Insider.',75,87,'https://thanhnien.vn/suc-khoe/ly-hon-keo-theo-nhieu-tac-dong-tieu-cuc-den-suc-khoe-1353238.html','https://thanhnien.vn/suc-khoe/ly-hon-keo-theo-nhieu-tac-dong-tieu-cuc-den-suc-khoe-1353238.html',NULL,NULL,0),(305,'Giải đáp bí ẩn vô sinh','Tình trạng ô nhiễm nhựa, hóa chất và lối sống hiện đại có thể đang khiến khả năng sinh sản ở con người suy giảm.',75,87,'https://thanhnien.vn/suc-khoe/giai-dap-bi-an-vo-sinh-1352612.html','https://thanhnien.vn/suc-khoe/giai-dap-bi-an-vo-sinh-1352612.html',NULL,NULL,0),(306,'Bị cương cứng kéo dài suốt 3 ngày do biến chứng hiếm gặp của Covid-19','Một người đàn ông Mỹ bị nhiễm Covid-19 và mắc một biến chứng hiếm gặp là cương cứng kéo dài. Tình trạng này làm ông cương cứng suốt nhiều giờ, khiến máu trong dương vật bắt đầu vón cục lại.',75,83,'https://thanhnien.vn/suc-khoe/bi-cuong-cung-keo-dai-suot-3-ngay-do-bien-chung-hiem-gap-cua-covid-19-1352766.html','https://thanhnien.vn/suc-khoe/bi-cuong-cung-keo-dai-suot-3-ngay-do-bien-chung-hiem-gap-cua-covid-19-1352766.html',NULL,NULL,0),(307,'Thủ phạm gây vô sinh không ngờ là đây, ngay trên giường ngủ','Giấc ngủ đóng vai trò quan trọng trong cuộc sống, ảnh hưởng đến chất lượng cuộc sống, sức khỏe tổng thể và quan trọng là khả năng sinh sản.',75,84,'https://thanhnien.vn/suc-khoe/thu-pham-gay-vo-sinh-khong-ngo-la-day-ngay-tren-giuong-ngu-1352330.html','https://thanhnien.vn/suc-khoe/thu-pham-gay-vo-sinh-khong-ngo-la-day-ngay-tren-giuong-ngu-1352330.html',NULL,NULL,0),(308,'Thật kỳ lạ, những hành vi này của đàn ông lại thu hút phụ nữ nhất','Sự hấp dẫn là một điều cực kỳ phức tạp.',75,84,'https://thanhnien.vn/suc-khoe/that-ky-la-nhung-hanh-vi-nay-cua-dan-ong-lai-thu-hut-phu-nu-nhat-1349678.html','https://thanhnien.vn/suc-khoe/that-ky-la-nhung-hanh-vi-nay-cua-dan-ong-lai-thu-hut-phu-nu-nhat-1349678.html',NULL,NULL,0),(309,'Cặp đôi quái đản: Xích cổ tay nhau lại để \'không xa nhau nữa\'','Sau ngày lễ tình nhân 14.2, một cặp đôi ở Ukraine đã dùng dây xích kim loại để xích cổ tay cả hai vào nhau. Họ quyết định giữ như vậy trong 3 tháng. Nhưng mới đây, cô gái đã nhập viện vì loét cổ tay.',75,83,'https://thanhnien.vn/suc-khoe/cap-doi-quai-dan-xich-co-tay-nhau-lai-de-khong-xa-nhau-nua-1349137.html','https://thanhnien.vn/suc-khoe/cap-doi-quai-dan-xich-co-tay-nhau-lai-de-khong-xa-nhau-nua-1349137.html',NULL,NULL,0),(310,'Đàn ông muốn gì ở phụ nữ?','Có thể nói rằng hầu như không thể biết được một người đàn ông đang nghĩ gì.',75,86,'https://thanhnien.vn/suc-khoe/dan-ong-muon-gi-o-phu-nu-1344886.html','https://thanhnien.vn/suc-khoe/dan-ong-muon-gi-o-phu-nu-1344886.html',NULL,NULL,0),(311,'Sắp ra mắt Viagra xịt mũi dành cho phụ nữ','Các nhà nghiên cứu đã phát minh ra một loại thuốc xịt mới có thể kích thích ham muốn tình dục ở phụ nữ. Loại thuốc xịt này được gọi là ‘Viagra dành cho nữ’.',75,83,'https://thanhnien.vn/suc-khoe/sap-ra-mat-viagra-xit-mui-danh-cho-phu-nu-1346941.html','https://thanhnien.vn/suc-khoe/sap-ra-mat-viagra-xit-mui-danh-cho-phu-nu-1346941.html',NULL,NULL,0),(312,'Con không dám hẹn hò vì bố đã bán... tinh trùng đến 500 lần','Một chàng trai Mỹ cho biết bố anh đã bán tinh trùng đến khoảng 500 lần, tức anh có rất nhiều anh chị em cùng cha khác mẹ. Thậm chí, anh còn không dám dùng đến ứng dụng hẹn hò vì sợ yêu nhầm một trong số họ.',75,83,'https://thanhnien.vn/suc-khoe/con-khong-dam-hen-ho-vi-bo-da-ban-tinh-trung-den-500-lan-1343278.html','https://thanhnien.vn/suc-khoe/con-khong-dam-hen-ho-vi-bo-da-ban-tinh-trung-den-500-lan-1343278.html',NULL,NULL,0),(313,'Tháng 3, chiêm ngưỡng những cây gạo già ra hoa rực đỏ nơi miền Trung','Tháng 3, trên những thân cây gạo già, hoa bừng nở đỏ rực cả một góc trời nơi miền quê xứ Quảng, gây thương nhớ cho biết bao người.',77,7,'https://thanhnien.vn/du-lich/thang-3-chiem-nguong-nhung-cay-gao-gia-ra-hoa-ruc-do-noi-mien-trung-1353866.html','https://thanhnien.vn/du-lich/thang-3-chiem-nguong-nhung-cay-gao-gia-ra-hoa-ruc-do-noi-mien-trung-1353866.html',NULL,NULL,0),(314,'Hẻm tranh bích họa ở Vũng Tàu thu hút đông du khách đến check-in','Với hàng loạt hình vẽ sinh động, kéo dài hơn 100m, hẻm tranh bích họa ở số 6 Trần Phú, P.1, TP.Vũng Tàu (Bà Rịa - Vũng Tàu) thu hút hàng trăm lượt khách đến mỗi ngày để tham quan, check in.',77,88,'https://thanhnien.vn/du-lich/hem-tranh-bich-hoa-o-vung-tau-thu-hut-dong-khach-den-check-in-1351454.html','https://thanhnien.vn/du-lich/hem-tranh-bich-hoa-o-vung-tau-thu-hut-dong-khach-den-check-in-1351454.html',NULL,NULL,0),(315,'Ngôi nhà du thuyền 3 tầng \'độc nhất miền Tây\' được lão nông bỏ 5 tỉ ra xây','Một lão nông ở miền Tây “chơi lớn”, bỏ ra 5 tỉ đồng xây ngôi nhà y như chiếc du thuyền 3 tầng \"độc nhất miền Tây\" để hoài niệm những ngày lênh đênh trên biển.',77,15,'https://thanhnien.vn/du-lich/ngoi-nha-du-thuyen-3-tang-doc-nhat-mien-tay-duoc-lao-nong-bo-5-ti-ra-xay-1346725.html','https://thanhnien.vn/du-lich/ngoi-nha-du-thuyen-3-tang-doc-nhat-mien-tay-duoc-lao-nong-bo-5-ti-ra-xay-1346725.html',NULL,NULL,0),(316,'Độc đáo ở Đà Lạt nơi Covid-19 bị \'tiêu diệt\'','Hơn 80 tác phẩm điêu khắc tại \"Covid-19 Park\" ở Đà Lạt với cảm hứng từ những nỗ lực của Việt Nam trong công tác phòng chống dịch Covid-19 đã thu hút sự chú ý của du khách và người dân địa phương.',77,89,'https://thanhnien.vn/du-lich/doc-dao-o-da-lat-noi-covid-19-bi-tieu-diet-1344407.html','https://thanhnien.vn/du-lich/doc-dao-o-da-lat-noi-covid-19-bi-tieu-diet-1344407.html',NULL,NULL,0),(317,'Thềm rêu xanh tuyệt đẹp Nha Trang hút khách đến check-in đầy ắp ngày Xuân','Rêu xanh trải dài hàng trăm mét dọc theo kè chắn sóng gần cầu Trần Phú (TP.Nha Trang) trở thành điểm đến thu hút rất đông du khách những ngày đầu xuân.',77,89,'https://thanhnien.vn/du-lich/them-reu-xanh-tuyet-dep-nha-trang-hut-khach-den-check-in-day-ap-ngay-xuan-1343234.html','https://thanhnien.vn/du-lich/them-reu-xanh-tuyet-dep-nha-trang-hut-khach-den-check-in-day-ap-ngay-xuan-1343234.html',NULL,NULL,0),(318,'Thung lũng ‘hoa Tây Bắc’ khoe sắc tại miền Trung thu hút hàng trăm người','Nhiều loại hoa xuất xứ từ Tây Bắc được đưa về trồng ở huyện miền núi tỉnh Quảng Ngãi đang khoe sắc rực rỡ, thu hút hàng trăm người kéo đến tham quan, chụp ảnh.',77,90,'https://thanhnien.vn/du-lich/thung-lung-hoa-tay-bac-khoe-sac-tai-mien-trung-thu-hut-hang-tram-nguoi-1341878.html','https://thanhnien.vn/du-lich/thung-lung-hoa-tay-bac-khoe-sac-tai-mien-trung-thu-hut-hang-tram-nguoi-1341878.html',NULL,NULL,0),(319,'Đào rừng nơi miền biên viễn khoe sắc rực rỡ đón xuân','Những ngày Tết Tân Sửu 2021, tại một ngôi làng nơi miền biên viễn Quảng Nam hàng trăm cây đào rừng đang đua nhau khoe sắc rực rỡ.',77,7,'https://thanhnien.vn/du-lich/dao-rung-noi-mien-bien-vien-khoe-sac-ruc-ro-don-xuan-1341107.html','https://thanhnien.vn/du-lich/dao-rung-noi-mien-bien-vien-khoe-sac-ruc-ro-don-xuan-1341107.html',NULL,NULL,0),(320,'Du khách đeo khẩu trang phòng dịch Covid-19 khi tham quan Huế','Tại các điểm di tích cố đô Huế (Thừa Thiên - Huế) trong ngày lễ 1.5, lượng du khách có tăng, nhưng không cao và hầu hết đều nghiêm túc đeo khẩu trang, phòng dịch Covid-19.',78,46,'https://thanhnien.vn/du-lich/du-khach-deo-khau-trang-phong-dich-covid-19-khi-tham-quan-hue-1377004.html','https://thanhnien.vn/du-lich/du-khach-deo-khau-trang-phong-dich-covid-19-khi-tham-quan-hue-1377004.html',NULL,NULL,0),(321,'Đi chơi lễ 30.4, du khách Đà Nẵng được giúp đỡ tìm nhanh tài sản bị mất','Ngày 30.4, Công an P.Hòa Thọ Đông (Q.Hải Châu, TP.Đà Nẵng) bàn giao điện thoại iPhone XS Max do một nữ du khách Hà Nội đánh rơi trong khi du lịch Đà Nẵng.',78,16,'https://thanhnien.vn/du-lich/di-choi-le-304-du-khach-da-nang-duoc-giup-do-tim-nhanh-tai-san-bi-mat-1376641.html','https://thanhnien.vn/du-lich/di-choi-le-304-du-khach-da-nang-duoc-giup-do-tim-nhanh-tai-san-bi-mat-1376641.html',NULL,NULL,0),(322,'Quảng Bình chỉ tổ chức đón khách khi bảo đảm các biện pháp phòng chống dịch Covid-19','Tỉnh Quảng Bình liên tiếp có những chỉ đạo thực hiện phòng chống dịch Covid-19 khi kỳ nghỉ lễ 30.4 - 1.5 cận kề.',78,28,'https://thanhnien.vn/du-lich/quang-binh-chi-to-chuc-don-khach-khi-bao-dam-cac-bien-phap-phong-chong-dich-covid-19-1374740.html','https://thanhnien.vn/du-lich/quang-binh-chi-to-chuc-don-khach-khi-bao-dam-cac-bien-phap-phong-chong-dich-covid-19-1374740.html',NULL,NULL,0),(323,'Kỳ vọng tour lạ lặn thám hiểm hang động ở Việt Nam','Giám đốc Sở Du lịch Quảng Bình, cho hay bản thân ông tin tưởng vào đợt thám hiểm lần này và hy vọng sẽ hé mở cánh cửa của một chương trình du lịch mạo hiểm “có một không hai”.',79,28,'https://thanhnien.vn/du-lich/ky-vong-tour-la-lan-tham-hiem-hang-dong-o-viet-nam-1066048.html','https://thanhnien.vn/du-lich/ky-vong-tour-la-lan-tham-hiem-hang-dong-o-viet-nam-1066048.html',NULL,NULL,0),(324,'Săn tour giảm giá cho công nhân, học sinh du lịch hè ở TP.HCM','Sở Du lịch TP.HCM đang đẩy mạnh hoạt động du lịch vào dịp hè với nhiều trải nghiệm mới lạ, giảm giá mạnh, đặc biệt cho đối tượng công nhân, học sinh, người lao động.',79,75,'https://thanhnien.vn/du-lich/san-tour-giam-gia-cho-cong-nhan-hoc-sinh-du-lich-he-o-tphcm-1065210.html','https://thanhnien.vn/du-lich/san-tour-giam-gia-cho-cong-nhan-hoc-sinh-du-lich-he-o-tphcm-1065210.html',NULL,NULL,0),(325,'Đã chọn ra 247 cổ động viên bay qua UAE cổ vũ đội tuyển Việt Nam','Chiều 15.1, đại diện nhãn hàng Wake-up 247 công bố danh sách 247 người chiến thắng trong chiến dịch “tuyển cổ động viên đi UAE”. Ngày mai, họ sẽ bay qua UAE xem trận Việt Nam - Yemen và bay về sau khi trận đấu kết thúc.',79,75,'https://thanhnien.vn/doi-song/da-chon-ra-247-co-dong-vien-bay-qua-uae-co-vu-doi-tuyen-viet-nam-1043834.html','https://thanhnien.vn/doi-song/da-chon-ra-247-co-dong-vien-bay-qua-uae-co-vu-doi-tuyen-viet-nam-1043834.html',NULL,NULL,0),(326,'Các xu hướng công nghệ trong năm 2021','Tập đoàn Zebra Technologies vừa công bố dự báo của hãng về các xu hướng công nghệ doanh nghiệp hàng đầu cho năm 2021.',80,91,'https://thanhnien.vn/cong-nghe/cac-xu-huong-cong-nghe-trong-nam-2021-1352002.html','https://thanhnien.vn/cong-nghe/cac-xu-huong-cong-nghe-trong-nam-2021-1352002.html',NULL,NULL,0),(327,'LG trình làng thế hệ máy tính siêu mỏng nhẹ Gram 2021','LG vừa chính thức trình làng thế hệ laptop siêu mỏng nhẹ LG Gram 2021, với nhiều điểm cải tiến so với thế hệ cũ.',81,91,'https://thanhnien.vn/cong-nghe/lg-trinh-lang-the-he-may-tinh-sieu-mong-nhe-gram-2021-1390196.html','https://thanhnien.vn/cong-nghe/lg-trinh-lang-the-he-may-tinh-sieu-mong-nhe-gram-2021-1390196.html',NULL,NULL,0),(328,'Xiaomi trình làng Redmi Note 10 5G, giá 5,29 triệu đồng','Xiaomi vừa chính thức trình làng mẫu smartphone tầm trung mới Redmi Note 10 5G hỗ trợ kết nối mạng 5G, có giá bán hơn 5 triệu đồng.',81,91,'https://thanhnien.vn/cong-nghe/xiaomi-trinh-lang-redmi-note-10-5g-gia-529-trieu-dong-1389583.html','https://thanhnien.vn/cong-nghe/xiaomi-trinh-lang-redmi-note-10-5g-gia-529-trieu-dong-1389583.html',NULL,NULL,0),(329,'Những điểm nhấn của smartphone cao cấp Oppo Find X3 Pro 5G','Find X3 Pro 5G là thiết bị hàng đầu đi kèm chip Snapdragon 888 cao cấp nhất của Qualcomm, RAM 12 GB, bộ nhớ trong 256 GB cùng nhiều tính năng tiên tiến đáng để người dùng quan tâm.',81,91,'https://thanhnien.vn/cong-nghe/nhung-diem-nhan-cua-smartphone-cao-cap-oppo-find-x3-pro-5g-1387626.html','https://thanhnien.vn/cong-nghe/nhung-diem-nhan-cua-smartphone-cao-cap-oppo-find-x3-pro-5g-1387626.html',NULL,NULL,0),(330,'Oppo trình làng smartphone cao cấp Find X3 Pro 5G','Oppo vừa chính thức trình làng dòng smartphone cao cấp nhất của hãng trong năm 2021, là mẫu máy Find X3 Pro 5G với việc trang bị con chip Qualcomm Snapdragon 888 tích hợp sức mạnh 5G.',81,91,'https://thanhnien.vn/cong-nghe/oppo-trinh-lang-smartphone-cao-cap-find-x3-pro-5g-1386313.html','https://thanhnien.vn/cong-nghe/oppo-trinh-lang-smartphone-cao-cap-find-x3-pro-5g-1386313.html',NULL,NULL,0),(331,'Fujitsu trình làng laptop mỏng nhẹ mới','Nhà sản xuất Fujitsu (Nhật Bản) vừa trình làng mẫu laptop Fujitsu CH sở hữu thiết kế thời trang, điểm nhấn là trọng lượng máy chỉ khoảng 988 gram.',81,91,'https://thanhnien.vn/cong-nghe/fujitsu-trinh-lang-laptop-mong-nhe-moi-1385413.html','https://thanhnien.vn/cong-nghe/fujitsu-trinh-lang-laptop-mong-nhe-moi-1385413.html',NULL,NULL,0),(332,'Lenovo ra mắt laptop ThinkPad siêu mỏng nhẹ mới','Lenovo vừa chính thức ra mắt mẫu laptop 2-trong-1 mỏng nhất của dòng ThinkPad từ trước tới nay, kèm theo đó là cấu hình trang bị cực mạnh.',81,91,'https://thanhnien.vn/cong-nghe/lenovo-ra-mat-laptop-thinkpad-sieu-mong-nhe-moi-1383436.html','https://thanhnien.vn/cong-nghe/lenovo-ra-mat-laptop-thinkpad-sieu-mong-nhe-moi-1383436.html',NULL,NULL,0),(333,'Trình làng loa thông minh thuần Việt Olli MaiKa','Công ty cổ phần công nghệ OLLI (OLLI Technology) vừa chính thức ra mắt loa thông minh Olli MaiKa và trợ lý ảo tiếng Việt MaiKa hỗ trợ điều khiển hoàn toàn bằng giọng nói.',81,91,'https://thanhnien.vn/cong-nghe/trinh-lang-loa-thong-minh-thuan-viet-olli-maika-1379892.html','https://thanhnien.vn/cong-nghe/trinh-lang-loa-thong-minh-thuan-viet-olli-maika-1379892.html',NULL,NULL,0),(334,'Smartphone vivo V21 5G camera selfie 44 MP ra mắt, giá bán 9,9 triệu đồng','Nối tiếp thành công từ phiên bản V20 ra mắt năm 2020, vivo vừa chính thức trình làng thêm phiên bản V21 trang bị công nghệ kết nối 5G và cải tiến khả năng chụp ảnh trên sản phẩm.',81,91,'https://thanhnien.vn/cong-nghe/smartphone-vivo-v21-5g-camera-selfie-44-mp-ra-mat-gia-ban-99-trieu-dong-1379565.html','https://thanhnien.vn/cong-nghe/smartphone-vivo-v21-5g-camera-selfie-44-mp-ra-mat-gia-ban-99-trieu-dong-1379565.html',NULL,NULL,0),(335,'Nokia ra mắt loạt tai nghe không dây Series 5 dành cho giới trẻ','Nokia vừa chính thức ra mắt dòng tai nghe không dây mới thuộc Series 5 với năm sản phẩm mang năm sắc thái, cá tính khác nhau để đáp ứng nhu cầu đa dạng của người dùng.',81,91,'https://thanhnien.vn/cong-nghe/nokia-ra-mat-loat-tai-nghe-khong-day-series-5-danh-cho-gioi-tre-1379299.html','https://thanhnien.vn/cong-nghe/nokia-ra-mat-loat-tai-nghe-khong-day-series-5-danh-cho-gioi-tre-1379299.html',NULL,NULL,0),(336,'Cách kích hoạt dịch vụ 5G trên iPhone 12 sử dụng mạng VinaPhone','Sau khi Apple tung ra bản cập nhật iOS 14.5, nhà mạng VinaPhone cũng tiến hành nâng cấp lại dịch vụ để người dùng iPhone 12 có thể kích hoạt được chế độ nhận sóng 5G trên thiết bị của mình.',82,91,'https://thanhnien.vn/cong-nghe/cach-kich-hoat-dich-vu-5g-tren-iphone-12-su-dung-mang-vinaphone-1375561.html','https://thanhnien.vn/cong-nghe/cach-kich-hoat-dich-vu-5g-tren-iphone-12-su-dung-mang-vinaphone-1375561.html',NULL,NULL,0),(337,'Cách ngăn ứng dụng theo dõi bạn trong iOS 14.5','iOS 14.5 đã mang đến App Tracking Transparency (ATT), một chức năng hệ thống mới giúp người dùng chọn không theo dõi quảng cáo không mong muốn.',82,91,'https://thanhnien.vn/cong-nghe/cach-ngan-ung-dung-theo-doi-ban-trong-ios-145-1374883.html','https://thanhnien.vn/cong-nghe/cach-ngan-ung-dung-theo-doi-ban-trong-ios-145-1374883.html',NULL,NULL,0),(338,'Cách mở khóa bàn phím biểu tượng cảm xúc bí mật trên iPhone','iPhone có sẵn hệ thống bàn phím biểu tượng cảm xúc bí mật không phải ai cũng biết, với nguyên nhân bắt nguồn từ bộ bàn phím tiếng Nhật. Dưới đây là các bước giúp bạn thực hiện điều này.',82,91,'https://thanhnien.vn/cong-nghe/cach-mo-khoa-ban-phim-bieu-tuong-cam-xuc-bi-mat-tren-iphone-1367001.html','https://thanhnien.vn/cong-nghe/cach-mo-khoa-ban-phim-bieu-tuong-cam-xuc-bi-mat-tren-iphone-1367001.html',NULL,NULL,0),(339,'Cách kiểm tra tài khoản Facebook có bị rò rỉ hay không','Have I Been Pwned hiện có thể được sử dụng để kiểm tra thông tin cá nhân của người dùng, có xuất hiện trong vụ rò rỉ dữ liệu hơn 500 triệu người dùng Facebook mới đây hay không.',82,91,'https://thanhnien.vn/cong-nghe/cach-kiem-tra-tai-khoan-facebook-co-bi-ro-ri-hay-khong-1363856.html','https://thanhnien.vn/cong-nghe/cach-kiem-tra-tai-khoan-facebook-co-bi-ro-ri-hay-khong-1363856.html',NULL,NULL,0),(340,'TSMC tuyên bố đột phá trong việc phát triển chip 1 nm','Các nhà sản xuất chip đang liên tục tìm kiếm vật liệu mới để thu nhỏ quy trình sản xuất chip nhằm đóng gói nhiều bóng bán dẫn hơn trong cùng diện tích và TSMC được cho là đã đạt bước đột phá mới.',83,91,'https://thanhnien.vn/cong-nghe/tsmc-tuyen-bo-dot-pha-trong-viec-phat-trien-chip-1-nm-1386979.html','https://thanhnien.vn/cong-nghe/tsmc-tuyen-bo-dot-pha-trong-viec-phat-trien-chip-1-nm-1386979.html',NULL,NULL,0),(341,'Điện thoại Pixel sắp có công nghệ camera dưới màn hình độc đáo','Một bằng sáng chế 23 trang của Google vừa được phát hiện cho thấy công ty đã đưa ra cách độc đáo của riêng mình để triển khai camera dưới màn hình trên điện thoại Pixel trong tương lai.',83,91,'https://thanhnien.vn/cong-nghe/dien-thoai-pixel-sap-co-cong-nghe-camera-duoi-man-hinh-doc-dao-1386034.html','https://thanhnien.vn/cong-nghe/dien-thoai-pixel-sap-co-cong-nghe-camera-duoi-man-hinh-doc-dao-1386034.html',NULL,NULL,0),(342,'Rò rỉ thiết kế tai nghe nhét tai chống ồn mới của Sony','Một bài đăng trên The Walkman Blog cho biết Sony sắp phát hành bộ tai nghe không dây thực sự chống ồn tiếp theo của mình mang tên WF-1000XM4.',83,91,'https://thanhnien.vn/cong-nghe/ro-ri-thiet-ke-tai-nghe-nhet-tai-chong-on-moi-cua-sony-1381681.html','https://thanhnien.vn/cong-nghe/ro-ri-thiet-ke-tai-nghe-nhet-tai-chong-on-moi-cua-sony-1381681.html',NULL,NULL,0),(343,'Samsung biến điện thoại Galaxy cũ thành thiết bị IoT','Samsung vừa khởi động chương trình Galaxy Upcycling at Home, nhằm giảm thiểu rác thải điện tử do các điện thoại Galaxy cũ của mình tạo ra.',83,91,'https://thanhnien.vn/cong-nghe/samsung-bien-dien-thoai-galaxy-cu-thanh-thiet-bi-iot-1372509.html','https://thanhnien.vn/cong-nghe/samsung-bien-dien-thoai-galaxy-cu-thanh-thiet-bi-iot-1372509.html',NULL,NULL,0),(344,'iPhone 13 có khả năng hỗ trợ 5G nhanh hơn','Mặc dù vẫn còn vài tháng nữa thì iPhone thế hệ tiếp theo mới được tiết lộ nhưng ngày càng nhiều thông tin liên quan đến sản phẩm này xuất hiện.',83,91,'https://thanhnien.vn/cong-nghe/iphone-13-co-kha-nang-ho-tro-5g-nhanh-hon-1371506.html','https://thanhnien.vn/cong-nghe/iphone-13-co-kha-nang-ho-tro-5g-nhanh-hon-1371506.html',NULL,NULL,0),(345,'Mỗi năm tại Việt Nam có trên 5.000 cuộc tấn công mạng','Cục An toàn thông tin (Bộ Thông tin - Truyền thông) vừa chủ trì và phối hợp với Công ty cổ phần An ninh mạng Việt Nam - VSEC tổ chức hội thảo An toàn thông tin: Những thách thức và con đường phía trước.',84,91,'https://thanhnien.vn/cong-nghe/moi-nam-tai-viet-nam-co-tren-5000-cuoc-tan-cong-mang-1335001.html','https://thanhnien.vn/cong-nghe/moi-nam-tai-viet-nam-co-tren-5000-cuoc-tan-cong-mang-1335001.html',NULL,NULL,0),(346,'Chi tiêu CNTT trong năm 2021 đạt 3.900 tỉ USD','Hãng phân tích thị trường Gartner dự đoán mức chi tiêu cho CNTT trên toàn thế giới sẽ đạt 3.900 tỉ USD trong năm nay, tăng 6,2% so với năm 2020.',84,91,'https://thanhnien.vn/cong-nghe/chi-tieu-cntt-trong-nam-2021-dat-3900-ti-usd-1334166.html','https://thanhnien.vn/cong-nghe/chi-tieu-cntt-trong-nam-2021-dat-3900-ti-usd-1334166.html',NULL,NULL,0),(347,'Đồng Nai triển khai 5G để đồng bộ hạ tầng với sân bay Long Thành','Đó là ý kiến của ông Lê Hoàng Ngọc, Giám đốc Sở Thông tin và Truyền thông tỉnh Đồng Nai tại Hội nghị triển khai nhiệm vụ năm 2021 ngành thông tin - truyền thông ngày 22.1.',84,92,'https://thanhnien.vn/cong-nghe/dong-nai-trien-khai-5g-de-dong-bo-ha-tang-voi-san-bay-long-thanh-1332746.html','https://thanhnien.vn/cong-nghe/dong-nai-trien-khai-5g-de-dong-bo-ha-tang-voi-san-bay-long-thanh-1332746.html',NULL,NULL,0);
/*!40000 ALTER TABLE `articles` ENABLE KEYS */;
UNLOCK TABLES;

--
-- Table structure for table `categories`
--

DROP TABLE IF EXISTS `categories`;
/*!40101 SET @saved_cs_client     = @@character_set_client */;
/*!50503 SET character_set_client = utf8mb4 */;
CREATE TABLE `categories` (
  `category_id` int NOT NULL AUTO_INCREMENT,
  `category_name` varchar(100) NOT NULL,
  `parent_category_id` int DEFAULT NULL,
  PRIMARY KEY (`category_id`),
  KEY `parent_category_id` (`parent_category_id`),
  CONSTRAINT `categories_ibfk_1` FOREIGN KEY (`parent_category_id`) REFERENCES `categories` (`category_id`)
) ENGINE=InnoDB AUTO_INCREMENT=85 DEFAULT CHARSET=utf8mb4 COLLATE=utf8mb4_0900_ai_ci;
/*!40101 SET character_set_client = @saved_cs_client */;

--
-- Dumping data for table `categories`
--

LOCK TABLES `categories` WRITE;
/*!40000 ALTER TABLE `categories` DISABLE KEYS */;
INSERT INTO `categories` VALUES (1,'Thời sự',NULL),(2,'Thế giới',NULL),(3,'Tài chính - Kinh doanh',NULL),(4,'Đời sống',NULL),(5,'Văn hóa',NULL),(6,'Giải trí',NULL),(7,'Giới trẻ',NULL),(8,'Giáo dục',NULL),(9,'Thể thao',NULL),(10,'Sức khỏe',NULL),(11,'Du lịch',NULL),(12,'Công nghệ',NULL),(13,'Xe',NULL),(14,'Game',NULL),(15,'Thời trang trẻ',NULL),(16,'Chính trị',1),(17,'Pháp luật',1),(18,'Dân sinh',1),(19,'Lao động - Việc làm',1),(20,'Quyền được biết',1),(21,'Phóng sự / Điều tra',1),(22,'Quốc phòng',1),(23,'Vượt qua Covid-19',1),(24,'Kinh tế thế giới',2),(25,'Quân sự',2),(26,'Góc nhìn',2),(27,'Hồ sơ',2),(28,'Người Việt năm châu',2),(29,'Chuyện lạ',2),(30,'Kinh tế xanh',3),(31,'Chính sách - Phát triển',3),(32,'Ngân hàng',3),(33,'Chứng khoán',3),(34,'Doanh nghiệp',3),(35,'Doanh nhân',3),(36,'Tiêu dùng',3),(37,'Làm giàu',3),(38,'Địa ốc',3),(39,'Người sống quanh ta',4),(40,'Gia đình',4),(41,'Ẩm thực',4),(42,'Cộng đồng',4),(43,'Gương sáng biên cương',4),(44,'Câu chuyện văn hóa',5),(45,'Khảo cứu',5),(46,'Xem - Nghe',5),(47,'Hà Nội thành phố tôi yêu',5),(48,'Sống đẹp',5),(49,'Món ngon Hà Nội',5),(50,'Phim',6),(51,'Truyền hình',6),(52,'Đời nghệ sĩ',6),(53,'Sống - Yêu - Ăn - Chơi',7),(54,'Thế giới mạng',7),(55,'Kết nối',7),(56,'Đoàn - Hội',7),(57,'Tuyển sinh 2021',8),(58,'Hộp thư Tư vấn 24/7',8),(59,'Du học',8),(60,'Chọn nghề',8),(61,'Chọn trường',8),(62,'Người thầy',8),(73,'Làm đẹp',10),(74,'Khoẻ đẹp mỗi ngày',10),(75,'Giới tính',10),(76,'Sống vui khỏe',10),(77,'Khám phá',11),(78,'A-Z',11),(79,'Săn Tour',11),(80,'Xu hướng',12),(81,'Sản phẩm mới',12),(82,'Kinh Nghiệm',12),(83,'Ý tưởng',12),(84,'Chuyển đổi số',12);
/*!40000 ALTER TABLE `categories` ENABLE KEYS */;
UNLOCK TABLES;

--
-- Table structure for table `published_articles`
--

DROP TABLE IF EXISTS `published_articles`;
/*!40101 SET @saved_cs_client     = @@character_set_client */;
/*!50503 SET character_set_client = utf8mb4 */;
CREATE TABLE `published_articles` (
  `published_article_id` int NOT NULL AUTO_INCREMENT,
  `article_id` int DEFAULT NULL,
  `time_published` datetime DEFAULT NULL,
  PRIMARY KEY (`published_article_id`),
  KEY `article_id` (`article_id`),
  CONSTRAINT `published_articles_ibfk_1` FOREIGN KEY (`article_id`) REFERENCES `articles` (`article_id`)
) ENGINE=InnoDB AUTO_INCREMENT=348 DEFAULT CHARSET=utf8mb4 COLLATE=utf8mb4_0900_ai_ci;
/*!40101 SET character_set_client = @saved_cs_client */;

--
-- Dumping data for table `published_articles`
--

LOCK TABLES `published_articles` WRITE;
/*!40000 ALTER TABLE `published_articles` DISABLE KEYS */;
INSERT INTO `published_articles` VALUES (1,1,'2021-06-04 06:30:00'),(2,2,'2021-06-01 18:43:00'),(3,3,'2021-06-01 07:00:00'),(4,4,'2021-05-31 20:54:00'),(5,5,'2021-05-31 19:06:00'),(6,6,'2021-05-31 11:30:00'),(7,7,'2021-05-31 07:05:00'),(8,8,'2021-05-28 13:14:00'),(9,9,'2021-05-28 06:23:00'),(10,10,'2021-05-28 06:19:00'),(11,11,'2021-05-27 06:11:00'),(12,12,'2021-05-27 05:56:00'),(13,13,'2021-05-24 09:21:00'),(14,14,'2021-06-16 19:21:00'),(15,15,'2021-06-16 18:44:00'),(16,16,'2021-06-16 18:40:00'),(17,17,'2021-06-16 18:13:00'),(18,18,'2021-06-16 18:09:00'),(19,19,'2021-06-16 17:10:00'),(20,20,'2021-06-16 16:17:00'),(21,21,'2021-06-16 16:09:00'),(22,22,'2021-06-16 14:35:00'),(23,23,'2021-06-16 14:11:00'),(24,24,'2021-06-16 10:02:00'),(25,25,'2021-06-16 09:02:00'),(26,26,'2021-06-16 22:27:00'),(27,27,'2021-06-16 20:43:00'),(28,28,'2021-06-16 20:40:00'),(29,29,'2021-06-16 18:57:00'),(30,30,'2021-06-16 18:49:00'),(31,31,'2021-06-16 18:16:00'),(32,32,'2021-06-16 18:02:00'),(33,33,'2021-06-16 17:04:00'),(34,34,'2021-04-22 11:04:00'),(35,35,'2021-04-15 07:49:00'),(36,36,'2021-04-15 05:15:00'),(37,37,'2021-04-06 17:56:00'),(38,38,'2021-03-26 16:09:00'),(39,39,'2021-03-18 21:00:00'),(40,40,'2021-03-10 10:43:00'),(41,41,'2021-03-09 17:04:00'),(42,42,'2021-03-09 14:23:00'),(43,43,'2021-03-05 17:17:00'),(44,44,'2021-05-24 06:16:00'),(45,45,'2021-05-22 09:36:00'),(46,46,'2021-05-21 16:36:00'),(47,47,'2021-05-20 09:09:00'),(48,48,'2021-05-16 16:12:00'),(49,49,'2021-05-16 15:08:00'),(50,50,'2021-05-15 11:58:00'),(51,51,'2021-05-15 11:09:00'),(52,52,'2021-05-13 13:13:00'),(53,53,'2021-05-12 15:19:00'),(54,54,'2021-05-11 19:25:00'),(55,55,'2021-05-08 19:02:00'),(56,56,'2021-06-02 06:26:00'),(57,57,'2021-06-01 09:09:00'),(58,58,'2021-05-31 09:00:00'),(59,59,'2021-05-30 05:51:00'),(60,60,'2021-05-29 10:00:00'),(61,61,'2021-05-29 09:00:00'),(62,62,'2021-05-28 06:00:00'),(63,63,'2021-05-20 09:00:00'),(64,64,'2021-05-19 09:00:00'),(65,65,'2021-05-18 06:06:00'),(66,66,'2021-05-17 09:00:00'),(67,67,'2021-05-16 05:48:00'),(68,68,'2021-04-28 09:00:00'),(69,69,'2021-04-26 05:41:00'),(70,70,'2021-04-24 08:46:00'),(71,71,'2021-04-23 05:22:00'),(72,72,'2021-04-22 06:00:00'),(73,73,'2021-04-05 08:43:00'),(74,74,'2021-02-17 08:00:00'),(75,75,'2021-02-17 05:00:00'),(76,76,'2021-02-16 11:49:00'),(77,77,'2021-02-13 06:39:00'),(78,78,'2021-02-13 06:20:00'),(79,79,'2021-06-07 05:52:00'),(80,80,'2021-05-21 06:48:00'),(81,81,'2021-05-08 11:45:00'),(82,82,'2021-05-07 08:57:00'),(83,83,'2021-04-28 20:00:00'),(84,84,'2021-06-09 11:33:00'),(85,85,'2021-06-08 09:52:00'),(86,86,'2021-06-02 12:18:00'),(87,87,'2021-06-02 08:00:00'),(88,88,'2021-06-01 21:38:00'),(89,89,'2021-06-01 19:44:00'),(90,90,'2021-06-01 16:38:00'),(91,91,'2021-05-06 09:34:00'),(92,92,'2021-04-04 07:18:00'),(93,93,'2021-03-20 10:06:00'),(94,94,'2021-03-14 14:30:00'),(95,95,'2021-03-13 11:00:00'),(96,96,'2021-05-02 09:30:00'),(97,97,'2021-05-02 08:42:00'),(98,98,'2021-04-23 15:33:00'),(99,99,'2021-06-13 07:59:00'),(100,100,'2021-06-11 12:09:00'),(101,101,'2021-06-09 16:03:00'),(102,102,'2021-06-09 14:49:00'),(103,103,'2021-06-09 11:07:00'),(104,104,'2021-06-09 10:31:00'),(105,105,'2021-06-09 10:15:00'),(106,106,'2021-06-08 10:57:00'),(107,107,'2021-06-03 17:02:00'),(108,108,'2021-06-02 13:55:00'),(109,109,'2021-05-28 21:11:00'),(110,110,'2021-05-28 16:55:00'),(111,111,'2021-06-13 17:45:00'),(112,112,'2021-06-13 16:34:00'),(113,113,'2021-06-12 10:05:00'),(114,114,'2021-06-12 07:40:00'),(115,115,'2021-06-12 07:07:00'),(116,116,'2021-06-11 14:11:00'),(117,117,'2021-06-11 06:24:00'),(118,118,'2021-06-10 16:14:00'),(119,119,'2021-06-10 11:55:00'),(120,120,'2021-06-13 18:58:00'),(121,121,'2021-06-12 09:02:00'),(122,122,'2021-06-12 07:31:00'),(123,123,'2021-06-11 08:59:00'),(124,124,'2021-06-10 08:57:00'),(125,125,'2021-06-10 06:26:00'),(126,126,'2021-06-09 08:54:00'),(127,127,'2021-06-08 11:33:00'),(128,128,'2021-06-04 16:49:00'),(129,129,'2021-06-04 06:14:00'),(130,130,'2021-06-03 16:03:00'),(131,131,'2021-06-03 06:35:00'),(132,132,'2021-06-02 11:50:00'),(133,133,'2021-06-02 10:37:00'),(134,134,'2021-06-01 18:57:00'),(135,135,'2021-06-01 14:13:00'),(136,136,'2021-06-01 08:47:00'),(137,137,'2021-05-31 16:05:00'),(138,138,'2021-05-29 06:48:00'),(139,139,'2021-05-27 16:29:00'),(140,140,'2021-05-26 15:59:00'),(141,141,'2021-05-26 14:23:00'),(142,142,'2021-05-25 15:47:00'),(143,143,'2021-06-10 10:15:00'),(144,144,'2021-06-10 06:23:00'),(145,145,'2021-01-03 15:54:00'),(146,146,'2020-11-23 09:10:00'),(147,147,'2020-10-17 15:13:00'),(148,148,'2020-10-15 10:04:00'),(149,149,'2021-06-10 06:23:00'),(150,150,'2021-06-09 14:33:00'),(151,151,'2021-06-09 09:41:00'),(152,152,'2021-06-08 10:00:00'),(153,153,'2021-06-07 12:45:00'),(154,154,'2021-02-21 08:00:00'),(155,155,'2021-02-08 07:40:00'),(156,156,'2021-02-04 06:14:00'),(157,157,'2021-01-28 06:31:00'),(158,158,'2021-01-14 05:08:00'),(159,159,'2021-01-12 06:24:00'),(160,160,'2020-12-03 06:20:00'),(161,161,'2021-06-05 20:10:00'),(162,162,'2021-06-05 12:46:00'),(163,163,'2021-06-05 06:37:00'),(164,164,'2021-06-04 18:57:00'),(165,165,'2021-06-04 09:13:00'),(166,166,'2021-06-04 06:12:00'),(167,167,'2021-06-02 12:27:00'),(168,168,'2021-06-16 10:01:00'),(169,169,'2021-06-15 10:35:00'),(170,170,'2021-06-14 21:38:00'),(171,171,'2021-06-14 15:45:00'),(172,172,'2021-06-14 12:33:00'),(173,173,'2021-06-14 09:27:00'),(174,174,'2021-06-07 14:14:00'),(175,175,'2021-06-06 13:34:00'),(176,176,'2021-06-07 17:55:00'),(177,177,'2021-06-03 18:01:00'),(178,178,'2021-06-03 17:39:00'),(179,179,'2021-06-03 12:00:00'),(180,180,'2021-06-01 10:08:00'),(181,181,'2021-05-29 09:01:00'),(182,182,'2020-08-29 20:19:00'),(183,183,'2020-04-07 09:41:00'),(184,184,'2020-02-24 09:28:00'),(185,185,'2019-12-21 09:44:00'),(186,186,'2019-06-26 10:35:00'),(187,187,'2019-03-03 22:19:00'),(188,188,'2019-02-17 11:39:00'),(189,189,'2018-07-28 17:25:00'),(190,190,'2018-03-17 08:39:00'),(191,191,'2018-03-03 10:00:00'),(192,192,'2021-05-30 06:00:00'),(193,193,'2021-05-25 11:16:00'),(194,194,'2021-05-25 06:53:00'),(195,195,'2021-05-23 06:24:00'),(196,196,'2021-05-23 05:00:00'),(197,197,'2021-05-20 06:38:00'),(198,198,'2021-05-19 08:00:00'),(199,199,'2021-05-19 06:30:00'),(200,200,'2021-05-18 06:13:00'),(201,201,'2021-05-17 06:39:00'),(202,202,'2021-05-16 06:21:00'),(203,203,'2021-05-16 05:30:00'),(204,204,'2021-05-15 13:06:00'),(205,205,'2021-05-11 05:00:00'),(206,206,'2021-05-29 11:15:00'),(207,207,'2021-05-23 09:00:00'),(208,208,'2021-05-19 15:13:00'),(209,209,'2021-05-18 17:00:00'),(210,210,'2021-05-18 11:51:00'),(211,211,'2021-05-15 10:51:00'),(212,212,'2021-05-13 12:35:00'),(213,213,'2021-05-11 18:00:00'),(214,214,'2021-05-11 15:46:00'),(215,215,'2021-05-09 17:49:00'),(216,216,'2021-05-02 16:00:00'),(217,217,'2021-05-01 15:47:00'),(218,218,'2021-04-24 15:01:00'),(219,219,'2021-04-22 15:00:00'),(220,220,'2021-04-22 12:39:00'),(221,221,'2021-06-15 14:41:00'),(222,222,'2021-06-15 12:00:00'),(223,223,'2021-06-15 10:28:00'),(224,224,'2021-06-14 06:00:00'),(225,225,'2021-06-13 14:41:00'),(226,226,'2021-06-13 14:00:00'),(227,227,'2021-06-12 14:54:00'),(228,228,'2021-06-12 06:13:00'),(229,229,'2021-06-11 18:52:00'),(230,230,'2021-06-11 16:46:00'),(231,231,'2021-06-11 11:07:00'),(232,232,'2015-11-24 06:15:00'),(233,233,'2015-09-28 11:21:00'),(234,234,'2015-07-31 00:01:00'),(235,235,'2014-10-15 05:00:00'),(236,236,'2021-06-11 10:37:00'),(237,237,'2021-06-11 09:39:00'),(238,238,'2021-06-10 10:05:00'),(239,239,'2021-06-10 08:27:00'),(240,240,'2021-01-12 19:11:00'),(241,241,'2020-11-27 13:17:00'),(242,242,'2020-12-21 15:56:00'),(243,243,'2020-12-03 20:00:00'),(244,244,'2020-11-27 11:18:00'),(245,245,'2020-11-20 10:19:00'),(246,246,'2020-11-14 13:23:00'),(247,247,'2020-11-13 15:54:00'),(248,248,'2020-10-21 14:53:00'),(249,249,'2018-12-05 07:47:00'),(250,250,'2018-12-01 16:10:00'),(251,251,'2018-11-28 11:05:00'),(252,252,'2018-11-28 07:09:00'),(253,253,'2018-10-15 08:47:00'),(254,254,'2018-10-10 08:05:00'),(255,255,'2018-08-11 17:18:00'),(256,256,'2018-03-20 09:42:00'),(257,257,'2018-03-17 21:18:00'),(258,258,'2021-05-28 12:40:00'),(259,259,'2021-05-26 16:37:00'),(260,260,'2021-05-26 08:08:00'),(261,261,'2021-05-17 15:22:00'),(262,262,'2021-05-14 19:50:00'),(263,263,'2021-05-14 07:38:00'),(264,264,'2021-05-12 08:42:00'),(265,265,'2021-05-11 12:55:00'),(266,266,'2021-05-09 17:41:00'),(267,267,'2021-04-23 16:10:00'),(268,268,'2021-04-23 08:21:00'),(269,269,'2021-04-22 21:01:00'),(270,270,'2021-04-22 18:35:00'),(271,271,'2021-04-22 16:22:00'),(272,272,'2021-04-21 15:54:00'),(273,273,'2021-04-21 13:11:00'),(274,274,'2021-04-21 08:30:00'),(275,275,'2021-04-21 07:47:00'),(276,276,'2021-04-20 16:08:00'),(277,277,'2020-06-15 13:13:00'),(278,278,'2020-06-15 09:15:00'),(279,279,'2020-06-13 16:04:00'),(280,280,'2020-06-13 07:24:00'),(281,281,'2018-04-16 12:26:00'),(282,282,'2018-04-11 17:24:00'),(283,283,'2018-04-10 19:14:00'),(284,284,'2018-04-09 20:18:00'),(285,285,'2018-04-04 11:13:00'),(286,286,'2018-03-30 09:37:00'),(287,287,'2018-03-28 17:16:00'),(288,288,'2018-03-21 19:19:00'),(289,289,'2018-03-21 07:26:00'),(290,290,'2017-12-26 09:18:00'),(291,291,'2017-09-22 16:11:00'),(292,292,'2020-11-10 19:02:00'),(293,293,'2020-10-31 08:18:00'),(294,294,'2020-10-19 15:11:00'),(295,295,'2020-09-01 21:59:00'),(296,296,'2020-06-30 17:04:00'),(297,297,'2020-05-29 10:40:00'),(298,298,'2021-05-02 00:11:00'),(299,299,'2021-04-29 10:08:00'),(300,300,'2021-04-26 00:09:00'),(301,301,'2021-04-01 00:10:00'),(302,302,'2021-03-23 14:29:00'),(303,303,'2021-03-21 00:10:00'),(304,304,'2021-03-14 13:10:00'),(305,305,'2021-03-12 04:09:00'),(306,306,'2021-03-12 00:18:00'),(307,307,'2021-03-11 21:21:00'),(308,308,'2021-03-07 00:09:00'),(309,309,'2021-03-04 00:19:00'),(310,310,'2021-03-01 00:10:00'),(311,311,'2021-02-27 00:12:00'),(312,312,'2021-02-19 00:11:00'),(313,313,'2021-03-14 11:12:00'),(314,314,'2021-03-09 11:54:00'),(315,315,'2021-02-26 13:02:00'),(316,316,'2021-02-22 12:12:00'),(317,317,'2021-02-18 18:33:00'),(318,318,'2021-02-14 11:25:00'),(319,319,'2021-02-13 11:23:00'),(320,320,'2021-05-01 18:45:00'),(321,321,'2021-05-01 07:33:00'),(322,322,'2021-04-29 10:57:00'),(323,323,'2019-03-31 10:09:00'),(324,324,'2019-03-29 07:34:00'),(325,325,'2019-01-15 19:00:00'),(326,326,'2021-03-11 08:35:00'),(327,327,'2021-05-28 15:00:00'),(328,328,'2021-05-27 12:00:00'),(329,329,'2021-05-23 13:00:00'),(330,330,'2021-05-20 13:00:00'),(331,331,'2021-05-18 14:29:00'),(332,332,'2021-05-14 15:00:00'),(333,333,'2021-05-07 15:00:00'),(334,334,'2021-05-07 13:00:00'),(335,335,'2021-05-06 20:00:00'),(336,336,'2021-04-28 20:03:00'),(337,337,'2021-04-27 14:46:00'),(338,338,'2021-04-12 14:19:00'),(339,339,'2021-04-05 12:37:00'),(340,340,'2021-05-22 07:24:00'),(341,341,'2021-05-19 21:58:00'),(342,342,'2021-05-11 10:50:00'),(343,343,'2021-04-22 11:13:00'),(344,344,'2021-04-20 06:29:00'),(345,345,'2021-01-28 12:08:00'),(346,346,'2021-01-26 14:28:00'),(347,347,'2021-01-22 16:28:00');
/*!40000 ALTER TABLE `published_articles` ENABLE KEYS */;
UNLOCK TABLES;

--
-- Table structure for table `tag_links`
--

DROP TABLE IF EXISTS `tag_links`;
/*!40101 SET @saved_cs_client     = @@character_set_client */;
/*!50503 SET character_set_client = utf8mb4 */;
CREATE TABLE `tag_links` (
  `tag_id` int NOT NULL,
  `article_id` int NOT NULL,
  PRIMARY KEY (`tag_id`,`article_id`),
  KEY `article_id` (`article_id`),
  CONSTRAINT `tag_links_ibfk_1` FOREIGN KEY (`tag_id`) REFERENCES `tags` (`tag_id`),
  CONSTRAINT `tag_links_ibfk_2` FOREIGN KEY (`article_id`) REFERENCES `articles` (`article_id`)
) ENGINE=InnoDB DEFAULT CHARSET=utf8mb4 COLLATE=utf8mb4_0900_ai_ci;
/*!40101 SET character_set_client = @saved_cs_client */;

--
-- Dumping data for table `tag_links`
--

LOCK TABLES `tag_links` WRITE;
/*!40000 ALTER TABLE `tag_links` DISABLE KEYS */;
INSERT INTO `tag_links` VALUES (1,1),(2,1),(3,2),(4,2),(5,2),(6,2),(7,2),(8,2),(9,2),(10,3),(11,3),(12,3),(13,3),(4,4),(14,4),(15,4),(16,4),(17,4),(18,4),(19,5),(20,5),(21,5),(22,5),(16,6),(23,6),(24,6),(25,6),(26,6),(27,7),(28,7),(29,7),(30,7),(31,7),(32,7),(33,8),(34,8),(35,8),(36,8),(37,8),(38,8),(39,9),(40,9),(41,9),(42,9),(43,9),(3,10),(6,10),(44,10),(45,10),(46,11),(47,11),(48,11),(16,12),(49,12),(50,12),(51,12),(52,12),(16,13),(52,13),(53,13),(54,13),(55,13),(56,14),(57,14),(58,14),(59,14),(60,15),(61,15),(62,15),(7,16),(63,16),(64,16),(65,16),(66,16),(60,17),(67,17),(68,17),(69,17),(70,17),(18,18),(60,18),(71,18),(72,18),(73,19),(74,19),(75,19),(76,19),(7,20),(77,20),(78,20),(79,20),(80,20),(76,21),(81,21),(82,21),(83,21),(84,21),(7,22),(85,22),(86,22),(87,22),(88,23),(89,23),(90,23),(91,23),(92,23),(93,24),(94,24),(95,24),(96,24),(97,25),(98,25),(99,25),(7,26),(11,26),(100,26),(101,26),(102,26),(103,26),(104,27),(105,27),(106,27),(107,27),(108,27),(76,28),(109,28),(110,28),(111,28),(112,28),(106,29),(107,29),(113,29),(114,29),(115,29),(108,30),(116,30),(117,30),(118,30),(119,30),(120,31),(121,31),(122,31),(123,31),(30,32),(124,32),(125,32),(126,32),(127,32),(108,33),(116,33),(119,33),(128,33),(129,33),(130,34),(131,34),(132,34),(133,34),(7,35),(134,35),(135,35),(136,35),(137,35),(138,35),(139,35),(140,36),(141,36),(142,36),(143,36),(144,36),(145,36),(146,36),(147,36),(148,36),(149,37),(150,37),(151,37),(152,37),(153,38),(154,38),(155,38),(156,38),(7,39),(11,39),(152,39),(157,39),(158,39),(159,39),(160,39),(161,40),(162,40),(163,40),(164,40),(165,40),(151,41),(166,41),(167,41),(168,41),(163,42),(165,42),(169,42),(11,43),(161,43),(170,43),(171,43),(172,43),(173,43),(174,43),(175,43),(176,43),(177,43),(178,44),(179,44),(180,44),(181,44),(182,44),(183,44),(7,45),(11,45),(184,45),(185,45),(186,45),(187,45),(188,46),(189,46),(190,46),(191,46),(192,47),(193,47),(194,47),(195,47),(196,47),(197,47),(7,48),(198,48),(199,48),(200,48),(201,49),(202,49),(203,49),(204,49),(7,50),(201,50),(205,50),(206,50),(207,50),(208,50),(209,50),(200,51),(210,51),(211,51),(212,51),(213,52),(214,52),(215,52),(216,52),(217,53),(218,53),(219,53),(220,53),(221,53),(24,54),(116,54),(222,54),(223,54),(224,54),(7,55),(225,55),(226,55),(227,55),(228,55),(229,55),(230,56),(231,56),(232,56),(233,56),(234,56),(235,56),(236,56),(237,56),(231,57),(238,57),(239,57),(240,57),(241,57),(242,57),(231,58),(239,58),(243,58),(244,58),(245,58),(246,58),(247,58),(231,59),(237,59),(248,59),(249,59),(250,59),(231,60),(237,60),(249,60),(251,60),(252,60),(145,61),(162,61),(253,61),(254,61),(255,62),(256,62),(257,62),(258,62),(116,63),(259,63),(260,63),(261,63),(262,63),(116,64),(259,64),(260,64),(261,64),(262,64),(116,65),(261,65),(262,65),(263,65),(264,65),(265,65),(266,65),(165,66),(184,66),(261,66),(267,66),(268,66),(269,66),(11,67),(176,67),(270,67),(271,67),(272,67),(273,68),(274,68),(275,68),(276,68),(277,68),(278,68),(40,69),(279,69),(280,69),(281,69),(282,69),(283,69),(284,69),(285,69),(9,70),(273,70),(286,70),(287,70),(288,70),(289,70),(290,70),(291,70),(292,70),(293,70),(273,71),(278,71),(281,71),(286,71),(289,71),(290,71),(292,71),(294,71),(295,71),(296,71),(273,72),(286,72),(289,72),(292,72),(295,72),(297,73),(298,73),(299,73),(300,73),(301,74),(302,74),(303,74),(304,74),(305,74),(306,74),(307,74),(301,75),(308,75),(309,75),(310,75),(309,76),(311,76),(312,76),(313,76),(314,77),(315,77),(316,77),(317,77),(318,78),(319,78),(320,78),(321,78),(11,79),(115,79),(176,79),(322,79),(323,79),(324,79),(325,79),(10,80),(11,80),(40,80),(165,80),(326,81),(327,81),(328,81),(326,82),(327,82),(329,82),(330,82),(11,83),(331,83),(332,83),(333,84),(334,84),(335,84),(336,84),(337,85),(338,85),(339,85),(340,85),(333,86),(341,86),(342,86),(343,86),(344,86),(261,87),(345,87),(346,87),(40,88),(347,88),(348,88),(281,89),(349,89),(350,89),(351,89),(352,90),(353,90),(354,90),(355,90),(356,91),(357,91),(358,91),(281,92),(359,92),(360,92),(361,92),(362,92),(342,93),(363,93),(364,93),(365,93),(366,93),(367,93),(344,94),(368,94),(369,94),(370,94),(371,94),(11,95),(372,95),(373,95),(374,95),(11,96),(30,96),(344,96),(375,96),(376,96),(377,97),(378,97),(379,97),(380,97),(11,98),(381,98),(382,98),(383,99),(384,99),(385,99),(386,99),(387,100),(388,100),(389,100),(390,100),(11,101),(391,101),(392,101),(393,101),(394,102),(395,102),(396,102),(397,103),(398,103),(399,103),(400,103),(145,104),(357,104),(401,104),(402,104),(403,105),(404,105),(405,105),(406,105),(407,106),(408,106),(409,106),(116,107),(410,107),(411,107),(412,107),(413,107),(414,108),(415,108),(416,108),(417,109),(418,109),(419,109),(420,109),(421,109),(422,110),(423,110),(424,110),(425,110),(426,110),(427,110),(428,111),(429,111),(430,111),(431,111),(432,111),(433,112),(434,112),(435,112),(436,112),(437,113),(438,113),(439,113),(440,113),(441,114),(442,114),(443,114),(444,114),(441,115),(445,115),(446,115),(447,115),(448,115),(449,115),(450,115),(33,116),(451,116),(452,116),(453,116),(454,116),(156,117),(175,117),(455,117),(456,117),(457,117),(458,117),(175,118),(459,118),(460,118),(461,118),(462,118),(463,118),(7,119),(11,119),(162,119),(330,119),(441,119),(464,119),(465,119),(466,119),(467,120),(468,120),(469,120),(470,120),(471,120),(472,120),(473,120),(344,121),(474,121),(475,121),(476,121),(477,121),(478,121),(479,121),(175,122),(330,122),(480,122),(481,122),(482,122),(483,122),(344,123),(457,123),(468,123),(475,123),(476,123),(477,123),(484,123),(468,124),(474,124),(476,124),(477,124),(485,124),(486,124),(487,124),(488,124),(474,125),(479,125),(489,125),(490,125),(491,125),(344,126),(477,126),(479,126),(488,126),(492,126),(493,126),(494,126),(495,126),(474,127),(476,127),(477,127),(486,127),(490,127),(496,127),(483,128),(497,128),(498,128),(499,128),(500,128),(483,129),(501,129),(502,129),(503,129),(483,130),(498,130),(499,130),(502,130),(504,130),(505,130),(482,131),(483,131),(501,131),(506,131),(507,131),(508,131),(483,132),(501,132),(509,132),(510,132),(511,132),(512,132),(483,133),(504,133),(509,133),(510,133),(511,133),(512,133),(513,133),(483,134),(509,134),(510,134),(514,134),(515,134),(516,134),(483,135),(513,135),(517,135),(518,135),(519,135),(175,136),(476,136),(501,136),(520,136),(521,136),(522,136),(523,136),(498,137),(501,137),(505,137),(524,137),(525,137),(526,137),(527,137),(503,138),(528,138),(529,138),(530,138),(482,139),(483,139),(498,139),(505,139),(512,139),(531,139),(532,139),(498,140),(505,140),(533,140),(534,140),(175,141),(480,141),(521,141),(535,141),(536,141),(537,141),(538,141),(483,142),(498,142),(512,142),(525,142),(539,142),(540,142),(165,143),(175,143),(330,143),(441,143),(464,143),(480,143),(541,143),(542,144),(543,144),(544,144),(545,144),(546,145),(547,145),(548,145),(549,145),(550,145),(551,145),(552,145),(553,145),(554,145),(555,145),(556,146),(557,146),(558,146),(559,146),(546,147),(547,147),(548,147),(552,147),(553,147),(555,147),(560,147),(116,148),(547,148),(561,148),(562,148),(563,148),(542,149),(543,149),(544,149),(545,149),(564,150),(565,150),(566,150),(567,150),(568,150),(569,150),(570,150),(571,150),(572,151),(573,151),(574,151),(575,151),(576,151),(577,151),(578,151),(11,152),(281,152),(579,152),(580,152),(581,152),(582,152),(583,152),(327,153),(584,153),(585,153),(586,153),(587,153),(588,153),(589,153),(175,154),(201,154),(483,154),(506,154),(507,154),(590,154),(591,154),(592,154),(593,154),(594,155),(595,155),(596,155),(597,155),(598,155),(599,156),(600,156),(601,156),(602,156),(603,156),(604,156),(605,157),(606,157),(607,157),(608,157),(609,157),(610,158),(611,158),(612,158),(613,158),(614,158),(612,159),(615,159),(616,159),(617,159),(618,159),(619,159),(620,160),(621,160),(622,160),(623,160),(624,160),(324,161),(625,161),(626,161),(627,161),(628,161),(482,162),(629,162),(630,162),(631,162),(632,162),(633,162),(175,163),(634,163),(635,163),(636,163),(637,163),(431,164),(432,164),(638,164),(639,164),(640,164),(631,165),(641,165),(642,165),(643,165),(644,165),(482,166),(645,166),(646,166),(647,166),(631,167),(642,167),(644,167),(648,167),(649,167),(650,168),(651,168),(652,168),(653,168),(33,169),(654,169),(655,169),(656,169),(657,169),(7,170),(117,170),(165,170),(465,170),(658,171),(659,171),(660,171),(661,171),(662,171),(7,172),(11,172),(245,172),(663,172),(664,172),(665,172),(666,172),(7,173),(165,173),(667,173),(668,173),(669,173),(670,173),(7,174),(11,174),(117,174),(671,174),(672,174),(673,174),(674,175),(675,175),(676,175),(677,175),(678,175),(679,175),(116,176),(325,176),(421,176),(680,176),(681,176),(682,176),(683,176),(684,176),(685,176),(686,176),(11,177),(324,177),(687,177),(688,177),(689,177),(690,177),(11,178),(266,178),(324,178),(691,178),(692,179),(693,179),(694,179),(11,180),(693,180),(695,180),(696,180),(165,181),(697,181),(698,181),(699,181),(700,182),(701,182),(702,182),(703,182),(165,183),(325,183),(693,183),(704,183),(705,183),(706,183),(707,183),(708,183),(709,183),(75,184),(325,184),(693,184),(704,184),(705,184),(710,184),(711,184),(712,184),(713,184),(714,185),(715,185),(716,185),(717,185),(718,185),(325,186),(454,186),(693,186),(704,186),(705,186),(719,186),(720,186),(721,186),(722,186),(723,186),(18,187),(39,187),(716,187),(724,187),(725,187),(726,188),(727,188),(728,188),(729,188),(730,189),(731,189),(732,189),(733,189),(734,189),(733,190),(735,190),(736,190),(737,190),(738,190),(739,190),(740,190),(265,191),(711,191),(716,191),(741,191),(742,192),(743,192),(744,192),(745,192),(746,192),(747,192),(748,192),(331,193),(644,193),(749,193),(750,193),(751,193),(752,193),(753,193),(754,193),(755,193),(331,194),(750,194),(751,194),(752,194),(753,194),(754,194),(755,194),(756,195),(757,195),(758,195),(759,195),(743,196),(760,196),(761,196),(762,196),(763,196),(764,196),(765,196),(766,196),(767,196),(768,196),(769,197),(770,197),(771,197),(772,197),(773,197),(774,197),(775,197),(776,197),(777,197),(778,197),(46,198),(779,198),(780,198),(771,199),(781,199),(782,199),(783,199),(784,199),(785,199),(786,199),(771,200),(781,200),(783,200),(787,200),(788,200),(789,200),(790,200),(791,201),(792,201),(793,201),(794,202),(795,202),(796,202),(797,202),(766,203),(798,203),(799,203),(800,203),(801,203),(802,203),(803,203),(331,204),(750,204),(751,204),(752,204),(753,204),(754,204),(755,204),(804,205),(805,205),(806,205),(807,205),(808,205),(809,205),(810,205),(811,205),(812,205),(813,206),(814,206),(815,206),(816,206),(817,206),(818,206),(819,206),(820,207),(821,207),(822,207),(823,207),(824,207),(825,207),(826,207),(827,208),(828,208),(829,208),(830,208),(831,208),(832,208),(833,208),(834,208),(835,208),(827,209),(830,209),(831,209),(832,209),(833,209),(834,209),(835,209),(813,210),(814,210),(816,210),(819,210),(836,210),(837,210),(838,210),(354,211),(839,211),(840,211),(841,211),(842,211),(843,211),(844,212),(845,212),(846,212),(847,212),(848,212),(849,212),(850,212),(814,213),(816,213),(819,213),(838,213),(851,213),(852,213),(853,214),(854,214),(855,214),(856,214),(857,214),(858,214),(859,215),(860,215),(861,215),(862,215),(863,215),(864,215),(865,215),(866,215),(845,216),(867,216),(868,216),(869,216),(870,216),(871,216),(845,217),(868,217),(869,217),(872,217),(873,217),(874,217),(819,218),(838,218),(851,218),(852,218),(875,218),(876,218),(819,219),(838,219),(851,219),(852,219),(875,219),(877,219),(878,220),(879,220),(880,220),(881,220),(882,220),(883,221),(884,221),(885,221),(886,221),(887,221),(888,222),(889,222),(890,222),(891,222),(892,222),(893,223),(894,223),(895,223),(896,223),(897,223),(898,224),(899,224),(900,224),(901,224),(902,224),(903,224),(904,225),(905,225),(906,225),(907,225),(908,225),(909,225),(910,225),(736,226),(911,226),(912,226),(913,227),(914,227),(915,227),(916,227),(917,227),(918,228),(919,228),(920,228),(921,228),(922,229),(923,229),(924,229),(925,229),(926,229),(927,229),(928,230),(929,230),(930,230),(931,230),(932,230),(933,231),(934,231),(935,231),(936,231),(937,231),(938,231),(939,232),(940,232),(941,232),(942,232),(943,232),(941,233),(943,233),(944,233),(945,233),(946,233),(943,234),(947,234),(948,234),(949,234),(950,234),(940,235),(951,235),(952,235),(953,235),(954,236),(955,236),(956,236),(957,236),(958,236),(959,236),(960,236),(961,236),(962,236),(963,237),(964,237),(965,237),(966,237),(967,237),(968,237),(969,237),(970,237),(971,237),(954,238),(955,238),(956,238),(957,238),(958,238),(959,238),(960,238),(971,238),(963,239),(964,239),(965,239),(966,239),(967,239),(968,239),(969,239),(970,239),(971,239),(972,240),(973,240),(974,240),(975,240),(976,240),(8,241),(739,241),(977,241),(978,241),(979,241),(183,242),(344,242),(980,242),(981,242),(7,243),(982,243),(983,243),(984,243),(739,244),(985,244),(986,244),(987,244),(988,244),(989,245),(990,245),(991,245),(739,246),(992,246),(993,246),(994,246),(995,246),(985,247),(995,247),(996,247),(997,247),(998,247),(999,247),(739,248),(1000,248),(1001,248),(1002,248),(739,249),(740,249),(976,249),(1003,249),(1004,249),(1005,249),(739,250),(740,250),(976,250),(1006,250),(1007,250),(1008,250),(1009,250),(739,251),(740,251),(1010,251),(1011,251),(1012,251),(1006,252),(1013,252),(1014,252),(1015,252),(739,253),(1016,253),(1017,253),(1018,253),(739,254),(740,254),(1019,254),(1020,254),(1021,254),(1022,254),(732,255),(1023,255),(1024,255),(1025,255),(1026,256),(1027,256),(1028,256),(1029,256),(598,257),(1030,257),(1031,257),(1032,257),(96,258),(116,258),(618,258),(1033,258),(1034,258),(1035,258),(299,259),(1036,259),(1037,259),(1038,259),(1039,259),(739,260),(1040,260),(1041,260),(1042,260),(1043,260),(1044,260),(53,261),(165,261),(699,261),(976,261),(1045,261),(1046,261),(1047,261),(1048,261),(175,262),(699,262),(1041,262),(1049,262),(1050,262),(1051,262),(1052,262),(1053,262),(1054,262),(1055,262),(165,263),(697,263),(1047,263),(1048,263),(1056,263),(1057,263),(1041,264),(1058,264),(1059,264),(1060,264),(1061,264),(1062,264),(11,265),(55,265),(324,265),(1063,265),(1064,265),(53,266),(1047,266),(1048,266),(1065,266),(1066,266),(1067,266),(1068,266),(701,267),(1069,267),(1070,267),(1071,267),(701,268),(1071,268),(1072,268),(1073,268),(1071,269),(1074,269),(1075,269),(1076,269),(701,270),(1071,270),(1073,270),(701,271),(1071,271),(1077,271),(1078,271),(1079,271),(1080,272),(1081,272),(1082,272),(1083,272),(1072,273),(1084,273),(1085,273),(1086,273),(1087,273),(701,274),(1071,274),(1088,274),(1089,274),(1090,275),(1091,275),(1092,275),(7,276),(1071,276),(1093,276),(1094,276),(1090,277),(1094,277),(1095,277),(1096,277),(1097,277),(701,278),(1078,278),(1098,278),(1099,278),(1100,278),(1070,279),(1080,279),(1101,279),(1102,279),(1090,280),(1094,280),(1099,280),(1103,280),(1104,280),(1105,281),(1106,281),(1107,281),(1105,282),(1106,282),(1108,282),(1109,282),(1100,283),(1105,283),(1106,283),(1110,283),(1105,284),(1106,284),(1111,284),(1112,284),(1106,285),(1108,285),(1109,285),(1113,285),(1114,285),(1076,286),(1100,286),(1106,286),(1108,286),(1109,286),(1115,286),(1070,287),(1106,287),(1108,287),(1109,287),(1113,287),(1100,288),(1106,288),(1116,288),(1117,288),(1105,289),(1106,289),(1118,289),(1119,289),(1108,290),(1109,290),(1120,290),(1121,290),(383,291),(1108,291),(1109,291),(1122,291),(1123,291),(1124,291),(1125,292),(1126,292),(1127,292),(1128,292),(1129,292),(1130,293),(1131,293),(1132,293),(1133,293),(1134,294),(1135,294),(1136,294),(1137,295),(1138,295),(1139,295),(1140,295),(1141,295),(1142,296),(1143,296),(1144,296),(1145,296),(1146,296),(1147,297),(1148,297),(1149,297),(1150,297),(1151,298),(1152,298),(1153,298),(1154,298),(1155,298),(1156,298),(1157,298),(1158,298),(1159,298),(1160,298),(126,299),(1161,299),(1162,299),(1163,299),(1164,299),(1165,299),(1166,299),(1151,300),(1152,300),(1166,300),(1167,300),(1168,300),(1169,300),(1170,300),(1171,300),(1172,300),(1173,300),(1152,301),(1161,301),(1174,301),(1175,301),(1176,301),(1177,301),(1178,301),(1179,301),(1180,301),(1181,301),(8,302),(1152,302),(1166,302),(1182,302),(1183,302),(1184,302),(1185,302),(1186,302),(1187,302),(1152,303),(1166,303),(1175,303),(1181,303),(1188,303),(1189,303),(1190,303),(1191,303),(673,304),(1160,304),(1166,304),(1174,304),(1192,304),(1193,304),(1194,304),(1195,304),(1196,304),(1197,304),(1151,305),(1152,305),(1160,305),(1166,305),(1181,305),(1198,305),(1199,305),(1200,305),(1201,305),(1202,305),(1203,305),(1204,305),(11,306),(1152,306),(1166,306),(1205,306),(1206,306),(1207,306),(1208,306),(1209,306),(1210,306),(1151,307),(1152,307),(1158,307),(1166,307),(1174,307),(1181,307),(1198,307),(1211,307),(1212,307),(1213,307),(1214,307),(1151,308),(1152,308),(1166,308),(1181,308),(1215,308),(1216,308),(1217,308),(1218,308),(1219,308),(1220,308),(1221,308),(1152,309),(1166,309),(1181,309),(1222,309),(1223,309),(1224,309),(1225,309),(1226,309),(1227,309),(1228,309),(1229,309),(1151,310),(1166,310),(1181,310),(1230,310),(1231,310),(1232,310),(1233,310),(1234,310),(1235,310),(1236,310),(1237,310),(1151,311),(1152,311),(1166,311),(1181,311),(1238,311),(1239,311),(1240,311),(1241,311),(1242,311),(344,312),(1161,312),(1175,312),(1243,312),(1244,312),(1245,312),(1246,312),(1247,312),(1248,312),(1249,312),(33,313),(1250,313),(1251,313),(1252,313),(1253,313),(884,314),(1254,314),(1255,314),(1256,314),(1257,314),(1258,314),(96,315),(1259,315),(1260,315),(11,316),(176,316),(1261,316),(1262,316),(1263,316),(1264,316),(176,317),(1265,317),(1266,317),(1267,317),(22,318),(1268,318),(1269,318),(1270,318),(1271,318),(1272,318),(1273,318),(1274,318),(33,319),(1275,319),(1276,319),(1277,319),(1278,319),(1279,319),(198,320),(1280,320),(1281,320),(1282,320),(324,321),(1255,321),(1283,321),(1284,321),(1285,321),(176,322),(1286,322),(1287,322),(1288,322),(176,323),(1287,323),(1289,323),(1290,323),(1291,323),(1255,324),(1292,324),(1293,324),(1294,325),(1295,325),(1296,325),(1297,325),(1298,325),(1299,325),(1300,325),(1301,325),(1302,325),(1303,325),(1007,326),(1120,326),(1304,326),(1305,326),(1306,326),(1307,326),(1308,327),(1309,327),(1310,327),(1311,327),(1312,327),(1310,328),(1311,328),(1313,328),(1314,328),(1315,328),(1316,328),(1317,328),(1310,329),(1311,329),(1314,329),(1318,329),(1319,329),(1320,329),(1321,329),(1310,330),(1311,330),(1314,330),(1315,330),(1322,330),(1323,330),(1312,331),(1324,331),(1325,331),(1326,331),(1327,331),(1312,332),(1325,332),(1326,332),(1328,332),(1329,332),(1007,333),(1310,333),(1311,333),(1330,333),(1331,333),(1332,333),(1333,333),(1310,334),(1311,334),(1314,334),(1315,334),(1334,334),(1310,335),(1335,335),(1336,335),(1337,335),(1338,335),(1339,335),(1310,336),(1311,336),(1340,336),(1341,336),(1342,336),(1343,336),(1344,336),(1310,337),(1311,337),(1341,337),(1342,337),(1344,337),(1345,337),(1310,338),(1311,338),(1346,338),(1347,338),(1348,338),(1349,338),(356,339),(1350,339),(1351,339),(1352,339),(1353,339),(1354,339),(1311,340),(1315,340),(1352,340),(1355,340),(1356,340),(1357,340),(1310,341),(1311,341),(1315,341),(1323,341),(1358,341),(1359,341),(1310,342),(1311,342),(1360,342),(1361,342),(1362,342),(1310,343),(1311,343),(1363,343),(1364,343),(1365,343),(1310,344),(1311,344),(1314,344),(1315,344),(1366,344),(1367,344),(1345,345),(1351,345),(1352,345),(1353,345),(1368,345),(1369,345),(1311,346),(1352,346),(1353,346),(1370,346),(1371,346),(1372,346),(1373,347),(1374,347),(1375,347),(1376,347);
/*!40000 ALTER TABLE `tag_links` ENABLE KEYS */;
UNLOCK TABLES;

--
-- Table structure for table `tags`
--

DROP TABLE IF EXISTS `tags`;
/*!40101 SET @saved_cs_client     = @@character_set_client */;
/*!50503 SET character_set_client = utf8mb4 */;
CREATE TABLE `tags` (
  `tag_id` int NOT NULL AUTO_INCREMENT,
  `tag_name` varchar(100) DEFAULT NULL,
  PRIMARY KEY (`tag_id`)
) ENGINE=InnoDB AUTO_INCREMENT=1377 DEFAULT CHARSET=utf8mb4 COLLATE=utf8mb4_0900_ai_ci;
/*!40101 SET character_set_client = @saved_cs_client */;

--
-- Dumping data for table `tags`
--

LOCK TABLES `tags` WRITE;
/*!40000 ALTER TABLE `tags` DISABLE KEYS */;
INSERT INTO `tags` VALUES (1,'#Thượng tướng Nguyễn Tân Cương'),(2,'#Tổng tham mưu trưởng QĐND Việt Nam'),(3,'#kết quả bầu cử'),(4,'#trúng cử'),(5,'#trúng cử HĐND'),(6,'#đại biểu Quốc hội'),(7,'#TP.HCM'),(8,'#Cần Thơ'),(9,'#Khánh Hòa'),(10,'#Thủ tướng Phạm Minh Chính'),(11,'#Covid-19'),(12,'#phục hồi kinh tế'),(13,'#phục hồi xanh'),(14,'#bầu cử HĐND'),(15,'#đại biểu'),(16,'#bầu cử'),(17,'#trúng cử HĐND tỉnh'),(18,'#Tây Ninh'),(19,'#nhân sự Quảng Ngãi'),(20,'#bổ nhiệm giám đốc sở'),(21,'#Nghỉ hưu'),(22,'#Quảng Ngãi'),(23,'#hoàng sa'),(24,'#đà nẵng'),(25,'#đại biểu hđnd tp'),(26,'#lê phú nguyện'),(27,'#Chủ tịch nước Nguyễn Xuân Phúc'),(28,'#Chủ tịch nước'),(29,'#Nguyễn Xuân Phúc'),(30,'#vắc xin Covid-19'),(31,'#COVAX'),(32,'#vắc xin ngừa Covid-19'),(33,'#Quảng Nam'),(34,'#Đại Biểu'),(35,'#Cử Tri'),(36,'#HĐND Khóa X'),(37,'#Đại Biểu Quốc Khội Khóa XV'),(38,'#Dịch Covid-19'),(39,'#chủ quyền'),(40,'#Biển Đông'),(41,'#Trung Quốc bắn đạn thật'),(42,'#trục xuất tàu chiến Mỹ'),(43,'#Bộ Ngoại giao'),(44,'#Chủ tịch Quốc hội'),(45,'#Hội đồng nhân dân'),(46,'#Chủ tịch Hồ Chí Minh'),(47,'#đấu tranh giải phóng dân tộc'),(48,'#bến Nhà Rồng'),(49,'#thường vụ Quốc hội'),(50,'#tiết kiệm'),(51,'#chống lãng phí'),(52,'#bỏ phiếu'),(53,'#cử tri'),(54,'#lá phiếu'),(55,'#thanh niên tình nguyện'),(56,'#Nguyễn Duy Linh'),(57,'#Phan Văn Anh Vũ'),(58,'#đưa hối lộ'),(59,'#nhận hối lộ'),(60,'#cá độ bóng đá'),(61,'#web bong88.com'),(62,'#cho vay lãi nặng'),(63,'#TAND Q.7'),(64,'#dân sự'),(65,'#vụ kiện dân sự'),(66,'#tranh chấp bồi thường'),(67,'#euro 2020'),(68,'#đánh bạc'),(69,'#công an'),(70,'#nghệ an'),(71,'#cướp giật'),(72,'#tài sản'),(73,'#đường lậu'),(74,'#biên phòng'),(75,'#biên giới Việt - Lào'),(76,'#Quảng Trị'),(77,'#trộm xe'),(78,'#trộm cắp xe máy'),(79,'#tiêu thụ tài sản trộm cắp'),(80,'#trộm cắp xe máy nhà dân'),(81,'#ma túy'),(82,'#chung thân'),(83,'#mua bán'),(84,'#tòa án'),(85,'#đạn lạc'),(86,'#bất an'),(87,'#Công an Q.1'),(88,'#Trung tâm hội nghị và tổ chức sự kiện tỉnh Đồng Nai'),(89,'#Bùi Mạnh Hùng'),(90,'#lừa đảo chiếm đoạt tài sản'),(91,'#Công an Đồng Nai'),(92,'#đơn tố cáo'),(93,'#xăng kém chất lượng'),(94,'#vi phạm hành chính'),(95,'#đo lường chất lượng'),(96,'#vĩnh long'),(97,'#phạt nguội'),(98,'#nữ sinh viên'),(99,'#lừa qua điện thoại'),(100,'#Phần mềm quản lý bệnh nhân'),(101,'#người cách l'),(102,'#người bệnh'),(103,'#Sở Y tế'),(104,'#khu công nghiệp Tân Phú Trung'),(105,'#H.Củ Chi'),(106,'#Covid-19 TP.HCM'),(107,'#công nhân'),(108,'#cách ly'),(109,'#đuối nước'),(110,'#nam sinh'),(111,'#hồ La Ngà'),(112,'#tử vong'),(113,'#khu công nghiệp Vĩnh Lộc'),(114,'#HCDC'),(115,'#lấy mẫu xét nghiệm'),(116,'#covid-19'),(117,'#giãn cách xã hội'),(118,'#tp.hcm'),(119,'#phong tỏa'),(120,'#Covid-19 Tiền Giang'),(121,'#Phong tỏa'),(122,'#bệnh viện dã chiến'),(123,'#Tổ covid-19 cộng đồng'),(124,'#ưu tiên vắc xin Covid-19 cho TP.HCM'),(125,'#tiêm vắc xin cho công nhân'),(126,'#Bộ Y tế'),(127,'#Viện Pasteur TP.HCM'),(128,'#tình hình covid-19 hôm nay'),(129,'#tin tức covid-19'),(130,'#tuyển dụng nhân sự'),(131,'#nhân sự trung và cao cấp'),(132,'#dệt may'),(133,'#Navigos'),(134,'#Bảo hiểm xã hội'),(135,'#bảo hiểm y tế'),(136,'#BHXH'),(137,'#BHYT'),(138,'#thông tuyến BHYT'),(139,'#bảo hiểm thất nghiệp'),(140,'#sang Úc lao động'),(141,'#sang Úc làm việc'),(142,'#ôm nợ'),(143,'#Công ty Vikor'),(144,'#Công ty CP đầu tư quốc tế Vikor'),(145,'#lừa đảo'),(146,'#xuất khẩu lao động'),(147,'#Mạc Thị Hiền'),(148,'#Hải Dương'),(149,'#nhu cầu tuyển dụng'),(150,'#thị trường lao động'),(151,'#nhân sự'),(152,'#việc làm'),(153,'#Trung tâm dịch vụ việc làm'),(154,'#Nghị định'),(155,'#Luật Việc làm'),(156,'#Doanh nghiệp'),(157,'#người khuyết tật'),(158,'#người yếu thế'),(159,'#dạy nghề cho người khuyết tật'),(160,'#D.hub'),(161,'#lao động'),(162,'#người lao động'),(163,'#lao động nữ'),(164,'#mất việc vì Covid-19'),(165,'#dịch Covid-19'),(166,'#tuyển dụng'),(167,'#tiền lương'),(168,'#công nghệ thông tin'),(169,'#lao động tự do'),(170,'#thưởng Tết'),(171,'#Liên đoàn lao động TP.HCM'),(172,'#thưởng tết'),(173,'#tết Tân Sửu 2021'),(174,'#điện tử'),(175,'#ngân hàng'),(176,'#du lịch'),(177,'#may mặc'),(178,'#quảng cáo'),(179,'#quảng cáo sai sự thật'),(180,'#bát nháo quảng cáo'),(181,'#thực phẩm chức năng'),(182,'#nghệ sĩ quảng cáo'),(183,'#mạng xã hội'),(184,'#nhập cảnh trái phép'),(185,'#lưu trú bất hợp pháp'),(186,'#lây lan dịch bệnh'),(187,'#đại tá Nguyễn Sỹ Quang'),(188,'#chó Pitbull'),(189,'#chó cắn chết người'),(190,'#chó Putbull cắn ngườiC'),(191,'#Pitbull'),(192,'#xử phạt vi phạm phòng chống dịch'),(193,'#vi phạm phòng dịch'),(194,'#phòng chống dịch Covid-19'),(195,'#CSGT'),(196,'#không đeo khẩu trang'),(197,'#tụ tập đông người'),(198,'#Đeo khẩu trang'),(199,'#Xử phạt không đeo khẩu trang'),(200,'#Covid'),(201,'#tiền ảo'),(202,'#tiền ảo bitcoin'),(203,'#tiền ảo pi'),(204,'#lừa đảo tiền ảo'),(205,'#người nổi tiếng'),(206,'#nghệ sĩ'),(207,'#quảng cáo công nghiệp'),(208,'#Dogecoin'),(209,'#Bitcoin'),(210,'#Khai báo y tế'),(211,'#BLHS'),(212,'#Chuyên gia pháp lý'),(213,'#luật Cư trú 2020'),(214,'#Cư trú'),(215,'#Sổ hộ khẩu'),(216,'#luật Cư trú 2006'),(217,'#clip nhạy cảm bar sunny'),(218,'#bar sunny'),(219,'#văn hóa phẩm đồi trụy'),(220,'#dịch covid-19'),(221,'#lây nhiễm'),(222,'#khai báo dịch tễ'),(223,'#hướng dẫn xử phạt'),(224,'#khai báo không trung thực'),(225,'#CCCD gắn chíp'),(226,'#căn cước công dân'),(227,'#căn cước công dân có gắn chip'),(228,'#CMND'),(229,'#CCCD mã vạch'),(230,'#trẻ khuyết tật'),(231,'#mưu sinh'),(232,'#bán vé số mưu sinh'),(233,'#trẻ em nghèo'),(234,'#Bại não'),(235,'#liệt chân'),(236,'#xương thủy tinh'),(237,'#Tuổi thơ nhọc nhằn'),(238,'#đời du mục'),(239,'#tuổi thơ nhọc nhằn'),(240,'#du mục'),(241,'#người Chăm'),(242,'#lao động trẻ em'),(243,'#Sài Gòn bắt ốc'),(244,'#bắt ốc'),(245,'#Sài Gòn'),(246,'#xóm nghèo'),(247,'#xóm ốc Sài Gòn'),(248,'#đi biển'),(249,'#ngày Quốc tế Thiếu nhi'),(250,'#làng chài'),(251,'#Đắk Lắk'),(252,'#đồng bào dân tộc Tày'),(253,'#lừa xuất khẩu lao động Nhật'),(254,'#chiếm đoạt tài sản'),(255,'#người mù'),(256,'#mù lòa'),(257,'#di truyền'),(258,'#hoàn cảnh khó khăn'),(259,'#chặn dịch vào tây nam'),(260,'#Chốt kiểm dịch'),(261,'#Campuchia'),(262,'#Bộ Chỉ huy Quân sự tỉnh An Giang'),(263,'#Chốt'),(264,'#kiểm dịch'),(265,'#biên giới'),(266,'#chống dịch'),(267,'#biển Tây Nam'),(268,'#xuất nhập cảnh trái phép'),(269,'#đảo Phú Quốc'),(270,'#Phong Nha'),(271,'#vắng khách'),(272,'#Vườn quốc gia Phong Nha - Kẻ Bàng'),(273,'#Trường Sa'),(274,'#Bãi Ba Đầu'),(275,'#Bãi Ba Đầu Trường Sa'),(276,'#chủ quyền biển đảo Việt Nam'),(277,'#dân binh Trung Quốc'),(278,'#tàu cá Trung Quốc'),(279,'#Bộ trưởng quốc phòng Việt Nam'),(280,'#Bộ trưởng Quốc phòng'),(281,'#Trung Quốc'),(282,'#Việt Nam'),(283,'#Phan Văn Giang'),(284,'#Ngụy Phương Hòa'),(285,'#Bộ Quốc phòng'),(286,'#Hoàng Sa'),(287,'#Trường Sa - Tuyến đầu tổ quốc'),(288,'#đảo Nam Yết'),(289,'#bãi Ba Đầu'),(290,'#Huy Gơ'),(291,'#chủ quyền quốc gia'),(292,'#chủ quyền Việt Nam'),(293,'#cảnh sát biển'),(294,'#Ken Nan'),(295,'#Vùng 4 Hải quân'),(296,'#xây dựng trái phép'),(297,'#Bộ đội biên phòng Bình Định'),(298,'#Bộ đội biên phòng'),(299,'#Bình Định'),(300,'#Huân chương Bảo vệ Tổ quốc'),(301,'#bảo vệ biên giới phía bắc'),(302,'#cuộc chiến đấu bảo vệ biên giới phía Bắc'),(303,'#17.2.1979'),(304,'#chiến tranh biên giới phía bắc'),(305,'#mặt trận cao bằng'),(306,'#quân trung quốc xâm lược'),(307,'#trần mạnh thường'),(308,'#đồn biên phòng Lũng Cú'),(309,'#trung quốc xâm lược'),(310,'#chiến tranh biên giới'),(311,'#chiến tranh biên giới phía Bắc'),(312,'#xe tăng Trung Quốc'),(313,'#Trần Mạnh Thường'),(314,'#nhà giàn DK1'),(315,'#bãi Tư Chính'),(316,'#vùng 2 hải quân'),(317,'#chúc Tết'),(318,'#trường sa'),(319,'#phòng đón xuân'),(320,'#duyệt đội ngũ'),(321,'#chào cờ'),(322,'#vượt qua covid-19'),(323,'#cách ly Covid-19'),(324,'#Đà Nẵng'),(325,'#chuyện tử tế'),(326,'#Myanmar'),(327,'#đầu tư'),(328,'#LNG'),(329,'#chính biến'),(330,'#doanh nghiệp'),(331,'#Singapore'),(332,'#khách sạn'),(333,'#chiến đấu cơ'),(334,'#MiG-29'),(335,'#Ba Lan'),(336,'#pháo'),(337,'#tiếp liệu'),(338,'#UAV'),(339,'#MQ-25'),(340,'#Boeing'),(341,'#phi công'),(342,'#Iran'),(343,'#ghế phóng'),(344,'#Mỹ'),(345,'#căn cứ Ream'),(346,'#binh sĩ Trung Quốc'),(347,'#máy bay vận tải'),(348,'#không phận Malaysia'),(349,'#máy bay tiếp nhiên liệu'),(350,'#máy bay vận tải Y-20'),(351,'#Đài Loan'),(352,'#Nga'),(353,'#Trung Á'),(354,'#Afghanistan'),(355,'#rút quân'),(356,'#Facebook'),(357,'#Trump'),(358,'#đảng Cộng hòa'),(359,'#thương hiệu'),(360,'#phương Tây'),(361,'#cưỡng ép lao động'),(362,'#Tân Cương'),(363,'#Liên Xô'),(364,'#Ba Tư'),(365,'#Liên bang Xô viết'),(366,'#Hồng quân'),(367,'#nước công hòa Xô viết'),(368,'#hạt nhân'),(369,'#vũ khí hạt nhân'),(370,'#ICBM'),(371,'#GBSD'),(372,'#Vũ Hán'),(373,'#nguồn gốc virus'),(374,'#vũ khí sinh học'),(375,'#Người Việt'),(376,'#thuyết âm mưu'),(377,'#quấy rối tình dục'),(378,'#thực tập sinh'),(379,'#Nhật Bản'),(380,'#người Việt'),(381,'#Ấn Độ'),(382,'#Đại sứ Phạm Sanh Châu'),(383,'#tỉ phú'),(384,'#Bezos'),(385,'#du hành vũ trụ'),(386,'#Blue Origin'),(387,'#đệ nhất phu nhân'),(388,'#Jill Biden'),(389,'#áo khoác'),(390,'#Melania Trump'),(391,'#thành phố đáng sống'),(392,'#Auckland'),(393,'#The Economist'),(394,'#Bali'),(395,'#khiêu dâm'),(396,'#biệt thự'),(397,'#đồng xu'),(398,'#kỷ lục'),(399,'#Double Eagle'),(400,'#Roosevelt'),(401,'#mạo danh'),(402,'#tái tranh cử'),(403,'#cháy rừng'),(404,'#thịt nướng'),(405,'#Siberia'),(406,'#Cộng hòa Buryatia'),(407,'#vi sinh vật'),(408,'#băng vĩnh cữu'),(409,'#Bdelloid'),(410,'#vải thiều'),(411,'#lên sàn'),(412,'#thương mại điện tử'),(413,'#bắc giang'),(414,'#Tiêu thụ điện'),(415,'#kỷ lục mới'),(416,'#thiết bị điện'),(417,'#tăng trưởng xanh'),(418,'#mục tiêu ưu tiên'),(419,'#năng lượng xanh'),(420,'#thủ tướng'),(421,'#phạm minh chính'),(422,'#khai thác vàng trái phép'),(423,'#khai thác khoáng sản'),(424,'#Bộ Công an'),(425,'#Phó Thủ trướng Trương Hoà Bình'),(426,'#Bộ Tài nguyên và Môi trường'),(427,'#Bộ Công thương'),(428,'#Tổng cục thuế'),(429,'#gia hạn thuế'),(430,'#thuế gia trị gia tăng'),(431,'#thuế thu nhập cá nhân'),(432,'#thuế thu nhập doanh nghiệp'),(433,'#giấy phép lái xe giả'),(434,'#đi máy bay'),(435,'#an ninh hàng không'),(436,'#giấy tờ giả'),(437,'#sản xuất ô tô điện'),(438,'#khí thải'),(439,'#thuế tiêu thụ đặc biệt'),(440,'#ô nhiễm không khí'),(441,'#vắc xin'),(442,'#bão Covid-19'),(443,'#siêu thị Saigon Co.op'),(444,'#Vissan'),(445,'#Công ty Nanogen'),(446,'#Nano Covax'),(447,'#giai đoạn 3'),(448,'#lâm sàng'),(449,'#Bộ y tế'),(450,'#Học viện Quân y'),(451,'#Sâm Ngọc Linh'),(452,'#Sâm Việt Nam'),(453,'#nông sản'),(454,'#Kon Tum'),(455,'#phá sản'),(456,'#Chỉ số giá tiêu dùng'),(457,'#CPI'),(458,'#đầu tư trực tiếp nước ngoài'),(459,'#thanh toán'),(460,'#Văn phòng Chính phủ'),(461,'#Tổng Cục thuế'),(462,'#nghĩa vụ tài chính đất đai'),(463,'#chứng từ nộp tiền'),(464,'#tiêm phòng'),(465,'#phòng dịch'),(466,'#sản xuất'),(467,'#nhập khẩu vàng'),(468,'#Ngân hàng nhà nước'),(469,'#Nghị định 24 quản lý vàng'),(470,'#nguyên liệu vàng'),(471,'#trang sức'),(472,'#mỹ nghệ'),(473,'#vàng miếng'),(474,'#giá USD'),(475,'#USD tự do'),(476,'#Vietcombank'),(477,'#Eximbank'),(478,'#tiêu dùng'),(479,'#lạm phát'),(480,'#lãi suất'),(481,'#lãi suất huy động'),(482,'#bất động sản'),(483,'#chứng khoán'),(484,'#giá USD hôm nay'),(485,'#tỷ giá trung tâm'),(486,'#liên ngân hàng'),(487,'#Fed'),(488,'#chính sách tiền tệ'),(489,'#tỷ giá'),(490,'#Ngân hàng Nhà nước'),(491,'#nhập siêu'),(492,'#giá vàng hôm nay'),(493,'#vàng SJC'),(494,'#USD'),(495,'#lợi tức trái phiếu'),(496,'#Sở giao dịch'),(497,'#cổ phiếu dược'),(498,'#cổ phiếu ngân hàng'),(499,'#VN-Index lập kỷ lục'),(500,'#thanh khoản kỷ lục'),(501,'#cổ phiếu'),(502,'#nghẽn lệnh trên HOSE'),(503,'#thị trường chứng khoán'),(504,'#thanh khoản'),(505,'#cổ phiếu chứng khoán'),(506,'#kênh đầu tư'),(507,'#tiền nhàn rỗi'),(508,'#kinh doanh vàng'),(509,'#sàn HOSE'),(510,'#nghẽn lệnh'),(511,'#nhà đầu tư'),(512,'#VN-Index'),(513,'#giá trị giao dịch'),(514,'#sàn chứng khoán'),(515,'#FPT'),(516,'#khắc phục sự cố nghẽn lệnh'),(517,'#HOSE'),(518,'#ngưng giao dịch'),(519,'#chỉ số VN-Index'),(520,'#Sacombank'),(521,'#ACB'),(522,'#Ngân hàng Bản Việt'),(523,'#EIB'),(524,'#chứng khoán lập đỉnh'),(525,'#cổ phiếu thép'),(526,'#HPG'),(527,'#HSG'),(528,'#Chứng khoán'),(529,'#thu thuế'),(530,'#phát hành cổ phiếu'),(531,'#HNX-Index'),(532,'#cổ phiếu sắt thép'),(533,'#chứng khoán ngày 26.5'),(534,'#VN-Index lập đỉnh lịch sử'),(535,'#trái phiếu'),(536,'#trái phiếu doanh nghiệp'),(537,'#TPBank'),(538,'#HDBank'),(539,'#lập kỷ lục'),(540,'#mốc 1.300 điểm'),(541,'#hội nghị'),(542,'#thị trường bán lẻ'),(543,'#siêu thị Emart'),(544,'#Vincom Retail'),(545,'#Bách Hóa Xanh'),(546,'#tỉ phú USD'),(547,'#Phạm Nhật Vượng'),(548,'#Trần Đình Long'),(549,'#vua thép'),(550,'#Hòa Phát'),(551,'#Masan'),(552,'#Hồ Hùng Anh'),(553,'#Nguyễn Thị Phương Thảo'),(554,'#Trần Bá Dương'),(555,'#Nguyễn Đăng Quang'),(556,'#Phó thủ tướng Đức gốc Việt'),(557,'#Philipp Rösler'),(558,'#công ty tư vấn'),(559,'#kinh doanh'),(560,'#danh sách tỉ phú USD'),(561,'#tỉ phú Việt'),(562,'#người siêu giàu'),(563,'#Vingroup'),(564,'#Saigon Co.op'),(565,'#Co.opmart'),(566,'#siêu thị'),(567,'#khẩu trang'),(568,'#khẩu trang vải'),(569,'#gel rửa tay'),(570,'#giảm giá'),(571,'#khuyến mãi'),(572,'#giá xăng dầu hôm nay 9.6.2021'),(573,'#dầu thô Mỹ'),(574,'#WTI'),(575,'#Brent'),(576,'#xăng dầu'),(577,'#thỏa thuận hạt nhân'),(578,'#PVN'),(579,'#giá xăng dầu hôm nay 8.6.2021'),(580,'#giá dầu thế giới'),(581,'#nhập khẩu'),(582,'#dầu thô'),(583,'#châu Á'),(584,'#bán lẻ'),(585,'#Kido'),(586,'#thương hiệu Chuk Chuk'),(587,'#trà sữa'),(588,'#kem'),(589,'#ngành F&B'),(590,'#lãi suất tiết kiệm'),(591,'#lãi suất giảm'),(592,'#gửi tiết kiệm bất động sản'),(593,'#vàng'),(594,'#nuôi cá quý'),(595,'#cá hô'),(596,'#cá bống tượng'),(597,'#vùng Amazon'),(598,'#Mê Kông'),(599,'#nuôi heo'),(600,'#nuôi heo bằng thảo mộc'),(601,'#chăn nuôi'),(602,'#giết mổ heo'),(603,'#chuẩn VietGAP'),(604,'#nuôi heo thảo mộc'),(605,'#ngư dân'),(606,'#khai thác xa bờ'),(607,'#thủy sản'),(608,'#đánh bắt cá'),(609,'#nguồn lợi thủy sản'),(610,'#quất cảnh'),(611,'#quất cảnh miền Trung'),(612,'#bão lũ'),(613,'#làng quất Cẩm Hà'),(614,'#trồng quất kiểng'),(615,'#Mía đắng'),(616,'#mía chết'),(617,'#cánh đồng mía'),(618,'#nông dân'),(619,'#trồng mía Quảng Phú'),(620,'#Hoài Ân'),(621,'#vườn bưởi'),(622,'#bưởi da xanh'),(623,'#cây giống'),(624,'#làm giàu'),(625,'#chung cư Monarchy'),(626,'#phát triển nhà Đà Nẵng'),(627,'#nhà chưa nghiệm thu'),(628,'#công trình'),(629,'#hàng hiệu'),(630,'#siêu giàu'),(631,'#HoREA'),(632,'#ông Lê Hoàng Châu'),(633,'#địa ốc'),(634,'#vay vốn mua nhà'),(635,'#thế chấp'),(636,'#cho vay'),(637,'#tín dụng'),(638,'#cho thuê căn hộ'),(639,'#đóng thuế'),(640,'#cho thuê bất động sản'),(641,'#căn hộ'),(642,'#Nhà tái định cư'),(643,'#khu đô thị Thủ Thiêm'),(644,'#đấu giá'),(645,'#biệt thự bỏ hoang'),(646,'#đánh thuế cao'),(647,'#nhà đất'),(648,'#khu đô thị mới thủ thiêm'),(649,'#chung cư'),(650,'#cứu người tắm biển'),(651,'#biển động'),(652,'#sang đường'),(653,'#camera an ninh'),(654,'#dự án'),(655,'#thi công ì ạch'),(656,'#đô thị Núi Thành'),(657,'#chậm tiến độ'),(658,'#chốt kiểm dịch'),(659,'#xe cứu thương'),(660,'#nhồi nhét khách'),(661,'#khai báo y tế'),(662,'#tài xế tốt bụng'),(663,'#Tết Đoan Ngọ'),(664,'#bánh tro'),(665,'#bánh trôi'),(666,'#đi chợ'),(667,'#tết Đoan Ngọ'),(668,'#nồi bánh tét'),(669,'#hẻm phong tỏa'),(670,'#Gò Vấp'),(671,'#chăm con'),(672,'#nghỉ học phòng dịch'),(673,'#gia đình'),(674,'#cụ ông'),(675,'#đám cưới'),(676,'#cho tiền cháu gái'),(677,'#lấy chồng'),(678,'#chụp hình kỷ niệm'),(679,'#cô dâu'),(680,'#tập đoàn công nghiệp cao su việt nam'),(681,'#VRG'),(682,'#thủ tướng chính phủ'),(683,'#trần ngọc thuận'),(684,'#vắc xin covid-19'),(685,'#phòng chống dịch'),(686,'#quỹ vắc xin covid-19'),(687,'#Bắc Giang'),(688,'#mua vải'),(689,'#tiêu thụ vải'),(690,'#Hội doanh nhân trẻ'),(691,'#ủng hộ quỹ chống dịch'),(692,'#phòng chống Covid-19'),(693,'#Báo Thanh Niên'),(694,'#Công an tỉnh Quảng Trị'),(695,'#dược phẩm OPC'),(696,'#hỗ trợ lực lượng tuyến đầu'),(697,'#San sẻ yêu thương'),(698,'#đại dịch Covid-19'),(699,'#Nguyễn Anh Tuấn'),(700,'#thủ khoa'),(701,'#thi tốt nghiệp THPT'),(702,'#khoa học máy tính'),(703,'#lập trình viên'),(704,'#gương sáng biên cương'),(705,'#Tập đoàn Công nghiệp cao su Việt Nam'),(706,'#đường mòn biên giới'),(707,'#gánh hàng tiếp tế'),(708,'#biên giới Việt Lào'),(709,'#lập chốt'),(710,'#bác sĩ quân y'),(711,'#Bộ đội Biên phòng'),(712,'#Hà Tĩnh'),(713,'#dịch bệnh'),(714,'#anh hùng lực lượng vũ trang'),(715,'#đội nhân dân Việt Nam'),(716,'#biên cương'),(717,'#bảo vệ biên giới'),(718,'#Lê Khắc Xuân'),(719,'#nhà giáo'),(720,'#học sinh nghèo'),(721,'#vùng biên giới'),(722,'#Đăk Glei'),(723,'#nhiễm HIV'),(724,'#Pol Pot'),(725,'#bảo vệ tổ quốc'),(726,'#thầy giáo mang quân hàm xanh'),(727,'#xóa mù chữ'),(728,'#bán người'),(729,'#lừa lấy về làm vợ'),(730,'#dạy múa'),(731,'#dạy nhảy'),(732,'#sinh viên tình nguyện'),(733,'#vùng biên'),(734,'#Bù Gia Mập'),(735,'#lính trẻ'),(736,'#người lính'),(737,'#con chữ'),(738,'#học sinh'),(739,'#người trẻ'),(740,'#giới trẻ'),(741,'#cột mốc'),(742,'#Hoài Linh'),(743,'#sự kiện văn hóa nổi bật'),(744,'#từ thiện gây tranh cãi'),(745,'#danh họa Lê Phổ'),(746,'#tranh triệu USD'),(747,'#nhóm BTS'),(748,'#Miss Earth Vietnam 2021'),(749,'#Ngôi đền trên đỉnh núi'),(750,'#Lê Phổ'),(751,'#danh họa Việt Nam'),(752,'#Thiếu nữ choàng khăn'),(753,'#Tắm biển'),(754,'#nhà Borobudur'),(755,'#Christie’s Hong Kong'),(756,'#Năm Phỉ'),(757,'#Kim Cương'),(758,'#Bảy Nam'),(759,'#cải lương'),(760,'#chấn chỉnh nghệ sĩ quảng cáo'),(761,'#đấu giá tranh Mona Lisa'),(762,'#danh họa Mai Trung Thứ'),(763,'#phim Vị'),(764,'#bị phạt'),(765,'#chung kết Hoa hậu Hoàn vũ'),(766,'#Miss Universe'),(767,'#MV Butter'),(768,'#BTS'),(769,'#Thanh Minh'),(770,'#Thanh Nga'),(771,'#gia tộc cải lương'),(772,'#NSƯT Thanh Nga'),(773,'#Bà bầu Thơ'),(774,'#Bảo Quốc'),(775,'#Hữu Thìn'),(776,'#Hữu Châu'),(777,'#Hồng Loan'),(778,'#Gia Bảo'),(779,'#GS Pierre Darriulat'),(780,'#nhà vật lý thiên văn'),(781,'#gia tộc Minh Tơ'),(782,'#nghệ sĩ Huỳnh Mai'),(783,'#rạng danh cải lương'),(784,'#NSND Thành Tôn'),(785,'#NSƯT Thành Lộc'),(786,'#NSƯT Quế Trân'),(787,'#gánh hát Vĩnh Xuân'),(788,'#ông bầu Thắng'),(789,'#NSND Thanh Sơn'),(790,'#NSND Thanh Tòng'),(791,'#Bảo tàng Lịch sử quốc gia'),(792,'#di sản Phật giáo'),(793,'#đèn cổ'),(794,'#Dự án âm nhạc'),(795,'#văn học dân gian'),(796,'#Sao Mai toàn quốc'),(797,'#nhạc Việt'),(798,'#Khánh Vân'),(799,'#Hoa hậu Hoàn vũ'),(800,'#Tom Cruise trả giải Quả cầu vàng'),(801,'#An Giang'),(802,'#dừng đón khách'),(803,'#khu du lịch núi Sam'),(804,'#thầy tào'),(805,'#cúng giải hạn'),(806,'#cầu an'),(807,'#dân tộc Tày'),(808,'#Nùng'),(809,'#Tây Nguyên'),(810,'#xã Ea Tam'),(811,'#huyện Krông Năng'),(812,'#tỉnh Đắk Lắk'),(813,'#Võ Tánh'),(814,'#vua Gia Long'),(815,'#thành Quy Nhơn'),(816,'#Gia Định tam hùng'),(817,'#nhà Nguyễn'),(818,'#nhà Tây Sơn'),(819,'#Xã hội Việt Nam thời Lê - Nguyễn'),(820,'#phương đỉnh'),(821,'#lăng vua triều Nguyễn'),(822,'#Gia Long'),(823,'#Minh Mạng'),(824,'#Tự Đức'),(825,'#Khải Định'),(826,'#Dục Đức'),(827,'#sala'),(828,'#cây vô ưu'),(829,'#đầu lân'),(830,'#Phật tử'),(831,'#chùa ở Việt Nam'),(832,'#Phật Thích Ca Mâu Ni'),(833,'#Kinh Tam Tạng'),(834,'#đạo Jain Ấn Độ'),(835,'#Phạn ngữ'),(836,'#Châu Văn Tiếp'),(837,'#Đỗ Thanh Nhơn'),(838,'#triều Nguyễn'),(839,'#cà phê đá'),(840,'#Vương Trung Hiếu'),(841,'#đường'),(842,'#nước đá'),(843,'#tiếng Latin Trung cổ'),(844,'#Paul Doumer'),(845,'#Toàn quyền Đông Dương'),(846,'#Omega'),(847,'#NXB Thế giới'),(848,'#Trường Viễn Đông Bác cổ'),(849,'#cầu Long Biên'),(850,'#Trường Tiền'),(851,'#Trịnh Hoài Đức'),(852,'#Ngô Nhơn Tịnh'),(853,'#Tranh minh họa và bìa sách'),(854,'#danh họa'),(855,'#Nguyễn Gia Trí'),(856,'#Tô Ngọc Vân'),(857,'#Tóc chị Hoài của Nguyễn Tuân'),(858,'#Xuân Diệu'),(859,'#Dạ cổ hoài lang'),(860,'#chim nhạn'),(861,'#chim nhàn'),(862,'#soạn giả Cao Văn Lầu'),(863,'#giáo sư Trần Văn Khê'),(864,'#tin nhạn'),(865,'#hòn Nhàn'),(866,'#núi Nhạn'),(867,'#Học viện Viễn Đông Bác cổ'),(868,'#Đại học Y Hà Nội'),(869,'#Viện Pasteur Nha Trang'),(870,'#Bảo tàng Lịch sử Việt Nam'),(871,'#Bảo tàng Lịch sử TP. HCM'),(872,'#Viện Viễn Đông Bác cổ'),(873,'#cầu Trường Tiền'),(874,'#cầu Bình Lợi'),(875,'#Lê Quang Định'),(876,'#ia Định tam gia'),(877,'#Gia Định tam gia'),(878,'#Whitmore'),(879,'#nghiên cứu lịch sử Đông Nam Á'),(880,'#Đại Việt'),(881,'#Hồ Quý Ly và nhà Minh'),(882,'#Đông Nam Á'),(883,'#Biden'),(884,'#họa sĩ'),(885,'#con trai Tổng thống Mỹ Joe Biden'),(886,'#triển lãm tranh'),(887,'#cai nghiện ma túy'),(888,'#Oprah Winfrey'),(889,'#Nữ hoàng truyền hình'),(890,'#chương trình tôn vinh những người cha da đen'),(891,'#phỏng vấn vợ chồng Hoàng tử Harry'),(892,'#Hoàng gia Anh'),(893,'#Bullet Train'),(894,'#Brad Pitt'),(895,'#Sandra Bullock'),(896,'#đạo diễn David Leitch'),(897,'#Phim xuất xưởng năm 2022'),(898,'#Emma Stone'),(899,'#Cruella'),(900,'#Những vai diễn đáng nhớ'),(901,'#Đoạt giải Oscar'),(902,'#The Favourite'),(903,'#Zombieland'),(904,'#Lê Cung Bắc'),(905,'#đạo diễn Lê Cung Bắc qua đời'),(906,'#nhà thơ Bùi Chí Vinh'),(907,'#nhà văn Trầm Hương'),(908,'#phim Người đẹp Tây Đô'),(909,'#thơ Hồ Trường'),(910,'#Nguyễn Bá Trác'),(911,'#Những cậu bé kẽm'),(912,'#Svetlana Alexievich'),(913,'#Pulitzer'),(914,'#giải thưởng Pulitzer 2021'),(915,'#người da màu'),(916,'#phân biệt chủng tộc'),(917,'#tác phẩm nghệ thuật'),(918,'#tiểu thuyết'),(919,'#Lê Lựu'),(920,'#nhà văn Lê Lựu'),(921,'#Sóng ở đáy sông và Thời xa vắng'),(922,'#Penthouse: Cuộc chiến thượng lưu'),(923,'#Penthouse: War in Life'),(924,'#Kim Soon Ok'),(925,'#biên kịch'),(926,'#bạo lực'),(927,'#gây tranh cãi'),(928,'#Gaspar Noé'),(929,'#Cannes 2021'),(930,'#LHP Cannes'),(931,'#phim Vortex'),(932,'#Đạo diễn gây tranh cãi'),(933,'#Chúa tể những chiếc nhẫn'),(934,'#The Lord of The Rings'),(935,'#The Hobbit'),(936,'#Peter Jackson'),(937,'#Warner Bros'),(938,'#series truyền hình'),(939,'#bún thang'),(940,'#Hà Nội'),(941,'#món Bắc'),(942,'#Giảng Võ'),(943,'#Lê Nam'),(944,'#trai'),(945,'#cháo trai'),(946,'#phố Nghĩa Tân'),(947,'#chè sen'),(948,'#nhãn'),(949,'#nước dừa'),(950,'#Thúy Hằng'),(951,'#cốm'),(952,'#bánh cốm'),(953,'#mùa Thu'),(954,'#Phim Hãy Nói Lời Yêu'),(955,'#Hãy Nói Lời Yêu'),(956,'#NSND Trọng Trinh'),(957,'#Nguyệt Hằng'),(958,'#Quỳnh Kool'),(959,'#Bảo Hân'),(960,'#Công Dương'),(961,'#Hà Việt Dũng'),(962,'#PHim Truyền Hình'),(963,'#Phim Hương Vị Tình Thân'),(964,'#Hương Vị Tình Thân'),(965,'#NSND Như Quỳnh'),(966,'#NSƯT Võ Hoài Nam'),(967,'#Phương Oanh'),(968,'#Mạnh Trường'),(969,'#Thu Quỳnh'),(970,'#Hoàng Anh Vũ'),(971,'#Phim Truyền Hình'),(972,'#nông nghiệp'),(973,'#bỏ thành phố về quê làm nông'),(974,'#công tử làm nông nghiệp'),(975,'#bỏ phố về quê'),(976,'#khởi nghiệp'),(977,'#cầu tình yêu'),(978,'#lễ hội hoa đăng'),(979,'#địa điểm check in lý tưởng'),(980,'#cô giáo xinh đẹp'),(981,'#kiếm tiền mùa Covid-19'),(982,'#quay lén nữ sinh'),(983,'#clip quay lén nữ sinh'),(984,'#Trường thpt Giồng Ông Tố'),(985,'#dậy thì thành công'),(986,'#béo phì'),(987,'#gầy gò'),(988,'#thay đổi ngoại hình'),(989,'#Ngày Nhà giáo Việt Nam 20.11'),(990,'#người trẻ gửi lời chúc đến thầy cô miền Trung'),(991,'#tình thầy trò'),(992,'#áo dài'),(993,'#vẽ ảnh nam sinh mặc áo dài'),(994,'#trang phục truyền thống'),(995,'#thế giới mạng'),(996,'#howmuchhaveyouchangedchallenge'),(997,'#bạn thay đổi thế nào'),(998,'#trào lưu mới'),(999,'#facebook'),(1000,'#môn văn'),(1001,'#trang trí vở môn Văn'),(1002,'#Tik Tok'),(1003,'#Đại hội Hội Sinh viên VN'),(1004,'#định hướng nghề nghiệp'),(1005,'#sinh viên 5 tốt'),(1006,'#sáng tạo'),(1007,'#AI'),(1008,'#techfest 2018'),(1009,'#Abivin'),(1010,'#diễn đàn trí thức trẻ toàn cầu'),(1011,'#trí thức trẻ'),(1012,'#4.0'),(1013,'#Đại hội Hội Sinh viên lần X'),(1014,'#sinh viên Việt Nam'),(1015,'#sức trẻ'),(1016,'#Giải thưởng Thanh niên sống đẹp'),(1017,'#Giải thưởng 15 tháng 10'),(1018,'#Hội LHTN VN'),(1019,'#tình nguyện'),(1020,'#khoảnh khắc tình nguyện'),(1021,'#cuộc thi'),(1022,'#mùa hè xanh'),(1023,'#Công trình thanh niên'),(1024,'#bê tông hóa'),(1025,'#đường nông thôn'),(1026,'#sông Mê Kông'),(1027,'#Lan Thương'),(1028,'#thanh niên'),(1029,'#kết nối'),(1030,'#Thanh niên'),(1031,'#Mê Kông Lan Thương'),(1032,'#tuyên bố chung'),(1033,'#khoai lang'),(1034,'#đoàn viên thanh niên'),(1035,'#giải cứu khoai lang'),(1036,'#tìm người thân cháu bé bị lạc trong đêm'),(1037,'#Hành Động Đẹp'),(1038,'#Tài Xế Có Hành Động Đẹp'),(1039,'#Bằng Khen Của Trung Ương Đoàn'),(1040,'#Học và làm theo Bác'),(1041,'#T.Ư Đoàn'),(1042,'#tư tưởng'),(1043,'#đạo đức'),(1044,'#phong cách Hồ Chí Minh'),(1045,'#quốc hội'),(1046,'#bí thư thứ nhất'),(1047,'#Bầu cử QH'),(1048,'#HĐND 2021'),(1049,'#Bí thư thứ nhất Trung ương Đoàn'),(1050,'#hộ nghèo'),(1051,'#tặng quà cho hộ nghèo'),(1052,'#TP.Thủ Đức'),(1053,'#vay vốn'),(1054,'#chính sách'),(1055,'#Bầu cử QH-HĐND 2021'),(1056,'#Triệu bữa cơm'),(1057,'#Bí thư thứ nhất T.Ư Đoàn Nguyễn Anh Tuấn'),(1058,'#giáo dục đạo đức'),(1059,'#lối sống'),(1060,'#giáo dục thế hệ trẻ'),(1061,'#Bộ GD-ĐT'),(1062,'#khát vọng cống hiến'),(1063,'#Thành Đoàn Đà Nẵng'),(1064,'#hiến máu'),(1065,'#Bí thư T.Ư Đoàn Nguyễn Ngọc Lương'),(1066,'#Bí thư T.Ư Đoàn'),(1067,'#Trà Vinh'),(1068,'#ĐBQH khóa XV'),(1069,'#hồ sơ dự thi'),(1070,'#tư vấn mùa thi'),(1071,'#tuyển sinh 2021'),(1072,'#xét tuyển đại học'),(1073,'#hồ sơ đăng ký dự thi'),(1074,'#đăng ký dự thi'),(1075,'#thanh xuân'),(1076,'#tư vấn tuyển sinh'),(1077,'#Chuẩn bị hồ sơ đăng ký dự thi'),(1078,'#xét tuyển ĐH'),(1079,'#Chọn ngành học cho tương lai'),(1080,'#xét tuyển'),(1081,'#xét điểm thi tốt nghiệp THPT'),(1082,'#xét điểm học bạ'),(1083,'#Trường CĐ Kinh tế TP.HCM'),(1084,'#tốt nghiệp thpt'),(1085,'#đăng ký xét tuyển'),(1086,'#trúng tuyển'),(1087,'#đề án tuyển sinh'),(1088,'#bài thi khoa học xã hội'),(1089,'#chọn bài thi'),(1090,'#lớp 10'),(1091,'#đăng ký nguyện vọng lớp 10'),(1092,'#chỉ tiêu tuyển sinh lớp 10'),(1093,'#tuyển sinh lớp 10'),(1094,'#tuyển sinh đầu cấp'),(1095,'#Tuyển sinh lớp 10'),(1096,'#sức khỏe mùa thi'),(1097,'#tâm lý mùa thi'),(1098,'#Tư vấn mùa thi'),(1099,'#tuyển sinh 2020'),(1100,'#giáo dục'),(1101,'#thí sinh'),(1102,'#thi THPT'),(1103,'#những con đường khác vào lớp 10'),(1104,'#học nghề'),(1105,'#hộp thư tư vấn 24/7'),(1106,'#tuyển sinh 2018'),(1107,'#điểm ưu tiên khu vực'),(1108,'#chọn ngành'),(1109,'#chọn nghề'),(1110,'#miễn tiếng Anh'),(1111,'#mã ngành'),(1112,'#hồ sơ tuyển sinh'),(1113,'#Hộp thư tư vấn'),(1114,'#ngành chất lượng cao'),(1115,'#ngành thiết kế'),(1116,'#Hộp thư tư vấn 24/7'),(1117,'#đăng ký nguyện vọng'),(1118,'#thi thpt quốc gia'),(1119,'#ưu tiên khu vực'),(1120,'#robot'),(1121,'#Cách mạng công nghiệp 4.0'),(1122,'#Bill Gates'),(1123,'#Mark Zuckerberg'),(1124,'#kinh doanh chứng khoán'),(1125,'#thầy giáo mặc áo dài'),(1126,'#áo dài nam'),(1127,'#áo dài Việt Nam'),(1128,'#thầy Hồ Minh Quang'),(1129,'#Trường ĐH Khoa học xã hội và nhân văn TP.HCM'),(1130,'#Cô giáo'),(1131,'#trồng người trên non cao'),(1132,'#Lồ Thị Lan'),(1133,'#giáo viên dân tộc thiểu số'),(1134,'#giáo dục đạo đức học sinh'),(1135,'#dùng hóa học giáo dục lối sống'),(1136,'#người thầy'),(1137,'#bộ sưu tập'),(1138,'#nét chữ đẹp'),(1139,'#cô giáo yêu chữ đẹp'),(1140,'#Viên phấn vàng'),(1141,'#Sóc Trăng'),(1142,'#bức thư thầy hiệu trưởng'),(1143,'#bức thư xúc động'),(1144,'#học sinh không đoạt giải cấp tỉnh'),(1145,'#vượt qua chính mình'),(1146,'#góc phụ huynh'),(1147,'#Facebook nguyên tố hóa học'),(1148,'#thầy giáo dạy hóa sáng tạo'),(1149,'#thầy giáo Lê Văn Nam trường Trần Văn Giàu'),(1150,'#dạy học sáng tạo'),(1151,'#nam giới'),(1152,'#đàn ông'),(1153,'#đau tim'),(1154,'#đột quỵ'),(1155,'#triệu chứng'),(1156,'#bệnh tim'),(1157,'#ung thư thực quản'),(1158,'#giấc ngủ'),(1159,'#ung thư tuyến tụy'),(1160,'#sức khỏe'),(1161,'#sinh con'),(1162,'#dân số'),(1163,'#phụ nữ tuổi sinh đẻ'),(1164,'#mức sinh'),(1165,'#mang thai'),(1166,'#giới tính'),(1167,'#thực phẩm'),(1168,'#thói quen'),(1169,'#thói quen ăn uống'),(1170,'#ăn uống lành mạnh'),(1171,'#dưa hấu'),(1172,'#cà chua'),(1173,'#sinh tố'),(1174,'#vợ chồng'),(1175,'#tinh trùng'),(1176,'#số lượng tinh trùng'),(1177,'#phương pháp hỗ trợ sinh sản'),(1178,'#thụ tinh trong ống nghiệm'),(1179,'#cà rốt'),(1180,'#thực phẩm chế biến'),(1181,'#phụ nữ'),(1182,'#Dương Vật'),(1183,'#Hoại Tử'),(1184,'#Cậu Nhỏ'),(1185,'#Hoại Tử Dương Vật'),(1186,'#Tiêm Silicon'),(1187,'#của quý'),(1188,'#thuốc tránh thai'),(1189,'#thuốc tránh thai cho nam giới'),(1190,'#hoóc môn nam'),(1191,'#không thể thụ thai'),(1192,'#Ly hôn'),(1193,'#căng thẳng kéo dài'),(1194,'#tổn thương tinh thần'),(1195,'#hạnh phúc'),(1196,'#con cái'),(1197,'#cha mẹ'),(1198,'#vô sinh'),(1199,'#bí ẩn vô sinh'),(1200,'#ô nhiễm nhựa'),(1201,'#hóa chất'),(1202,'#hút thuốc'),(1203,'#trầm cảm'),(1204,'#sinh sản'),(1205,'#cương cứng'),(1206,'#cậu nhỏ'),(1207,'#khó thở'),(1208,'#cương cứng kéo dài'),(1209,'#dương vật'),(1210,'#cơn bão cytokine'),(1211,'#khả năng sinh sản'),(1212,'#giường ngủ'),(1213,'#ngủ ngon'),(1214,'#thụ tinh ống nghiệm'),(1215,'#ngày quốc tế phụ nữ'),(1216,'#ngày 8.3'),(1217,'#thu hút phụ nữ'),(1218,'#nghĩa hiệp'),(1219,'#mạo hiểm'),(1220,'#hòa hoa'),(1221,'#lịch thiệp'),(1222,'#cặp đôi'),(1223,'#xích tay nhau'),(1224,'#lễ tình nhân'),(1225,'#loét da'),(1226,'#bôi thuốc mỡ'),(1227,'#Ukraine'),(1228,'#bạn trai'),(1229,'#bạn gái'),(1230,'#Đàn ông'),(1231,'#thông minh'),(1232,'#sexy'),(1233,'#tính cách'),(1234,'#tình yêu'),(1235,'#cảm thông'),(1236,'#chia sẻ'),(1237,'#ngoại hình'),(1238,'#Viagra'),(1239,'#tăng ham muốn tình dục'),(1240,'#tiền mãn kinh'),(1241,'#xịt mũi'),(1242,'#tình dục'),(1243,'#bán tinh trùng'),(1244,'#ứng dụng hẹn hò'),(1245,'#thụ thai'),(1246,'#chàng trai'),(1247,'#anh em cùng cha khác mẹ'),(1248,'#hiến tinh trùng'),(1249,'#người cha'),(1250,'#Cây Gạo'),(1251,'#Cây Hoa Gạo'),(1252,'#Hoa Gạo Rực Đỏ'),(1253,'#Tháng 3'),(1254,'#Tranh bích họa'),(1255,'#du khách'),(1256,'#tham quan'),(1257,'#check in'),(1258,'#vũng tàu'),(1259,'#độc nhất miền tây'),(1260,'#kiến trúc sư'),(1261,'#\"Covid-19 Park\"'),(1262,'#điêu khắc'),(1263,'#Trịnh Bá Dũng'),(1264,'#Đà Lạt'),(1265,'#thềm rêu Nha Trang'),(1266,'#thềm rêu xanh'),(1267,'#Nha Trang'),(1268,'#Hoa Tây Bắc'),(1269,'#miền Trung'),(1270,'#hướng dương'),(1271,'#Hoa tam giác mạch'),(1272,'#Thung lũng hoa'),(1273,'#Du lịch'),(1274,'#Tết'),(1275,'#Đào Rừng'),(1276,'#Miền Biên Viễn'),(1277,'#Du Khách'),(1278,'#đón xuân'),(1279,'#khoe sắc'),(1280,'#Cố đô huế'),(1281,'#Phòng chống dịch Covid- 19'),(1282,'#Thừa Thiên - Huế'),(1283,'#tìm tài sản'),(1284,'#rơi điện thoại'),(1285,'#lễ 30.4'),(1286,'#phòng dịch Covid-19'),(1287,'#Quảng Bình'),(1288,'#Phong Nha Kẻ Bàng'),(1289,'#tour lạ'),(1290,'#lặn thám hiểm hang động'),(1291,'#Sơn Đoòng'),(1292,'#săn tour giá rẻ'),(1293,'#du lịch TP.HCM'),(1294,'#tuyển Việt Nam'),(1295,'#UAE'),(1296,'#yemen'),(1297,'#công phượng'),(1298,'#việt nam vô địch'),(1299,'#xuân trường'),(1300,'#quang hải'),(1301,'#park hang seo'),(1302,'#asian cup'),(1303,'#wake-up 247'),(1304,'#trí tuệ nhân tạo'),(1305,'#xe tự hành'),(1306,'#Công nghiệp 4.0'),(1307,'#tự động hóa'),(1308,'#LG gram 2021'),(1309,'#máy tính siêu mỏng'),(1310,'#thiết bị di động'),(1311,'#smartphone'),(1312,'#Windows 10'),(1313,'#Redmi Note 10 5G'),(1314,'#mạng 5G'),(1315,'#Android'),(1316,'#MediaTek'),(1317,'#sạc nhanh'),(1318,'#Find X3 Pro 5G'),(1319,'#Oppo'),(1320,'#Android 12'),(1321,'#quay phim 8K'),(1322,'#Oppo Find X3 Pro 5G'),(1323,'#màn hình cong'),(1324,'#Fujitsu CH'),(1325,'#laptop siêu mỏng'),(1326,'#sinh trắc học'),(1327,'#bảo mật vân tay'),(1328,'#ThinkPad X1 Titanium Yoga'),(1329,'#Lenovo'),(1330,'#loa Olli MaiKa'),(1331,'#trợ lý ảo'),(1332,'#giải trí tại gia'),(1333,'#nhà thông minh'),(1334,'#vivo V21 5G'),(1335,'#Nokia'),(1336,'#tai nghe không dây'),(1337,'#Series 5'),(1338,'#giải trí'),(1339,'#loa nghe nhạc'),(1340,'#VinaPhone'),(1341,'#iPhone 12'),(1342,'#Apple'),(1343,'#5G'),(1344,'#iOS 14.5'),(1345,'#mã hóa dữ liệu'),(1346,'#biểu tượng cảm xúc'),(1347,'#iPhone'),(1348,'#thủ thuật'),(1349,'#iOS 14'),(1350,'#rò rỉ dữ liệu'),(1351,'#tin tặc'),(1352,'#bảo mật'),(1353,'#an ninh mạng'),(1354,'#quyền riêng tư'),(1355,'#TSMC'),(1356,'#chip bán dẫn'),(1357,'#IBM'),(1358,'#camera dưới màn hình'),(1359,'#Pixel'),(1360,'#1000XM4'),(1361,'#Sony'),(1362,'#tai nghe chống ồn'),(1363,'#Samsung'),(1364,'#thiết bị IoT'),(1365,'#Android cũ'),(1366,'#iPhone 13'),(1367,'#máy tính bảng'),(1368,'#Cyber Security'),(1369,'#VSEC'),(1370,'#thị trường máy tính'),(1371,'#viễn thông'),(1372,'#dịch vụ CNTT'),(1373,'#Chuyển đổi số'),(1374,'#Đô thị thông minh'),(1375,'#Thông tin truyền thông'),(1376,'#Đồng Nai');
/*!40000 ALTER TABLE `tags` ENABLE KEYS */;
UNLOCK TABLES;

--
-- Table structure for table `users`
--

DROP TABLE IF EXISTS `users`;
/*!40101 SET @saved_cs_client     = @@character_set_client */;
/*!50503 SET character_set_client = utf8mb4 */;
CREATE TABLE `users` (
  `user_id` int NOT NULL AUTO_INCREMENT,
  `user_name` char(100) DEFAULT NULL,
  `email` char(100) DEFAULT NULL,
  `password` char(100) DEFAULT NULL,
  `name` varchar(100) DEFAULT NULL,
  `gender` tinyint(1) DEFAULT NULL,
  `avatar_url` char(255) DEFAULT NULL,
  `url` char(255) DEFAULT NULL,
  `date_of_birth` date DEFAULT NULL,
  `is_premium` tinyint(1) DEFAULT NULL,
  `is_writer` tinyint(1) DEFAULT NULL,
  `is_editor` tinyint(1) DEFAULT NULL,
  `is_admin` tinyint(1) DEFAULT NULL,
  PRIMARY KEY (`user_id`)
) ENGINE=InnoDB AUTO_INCREMENT=93 DEFAULT CHARSET=utf8mb4 COLLATE=utf8mb4_0900_ai_ci;
/*!40101 SET character_set_client = @saved_cs_client */;

--
-- Dumping data for table `users`
--

LOCK TABLES `users` WRITE;
/*!40000 ALTER TABLE `users` DISABLE KEYS */;
INSERT INTO `users` VALUES (1,'crawled_writer_1','lehiepthanhnien@gmail.com',NULL,'Lê Hiệp',NULL,NULL,'https://thanhnien.vn//author/le-hiep-1367.html',NULL,NULL,NULL,NULL,NULL),(2,'crawled_writer_2','phamthungan50@gmail.com',NULL,'Phạm Thu Ngân',NULL,NULL,'https://thanhnien.vn//author/pham-thu-ngan-2483.html',NULL,NULL,NULL,NULL,NULL),(3,'crawled_writer_3','vuhan.thanhnien@gmail.com',NULL,'Vũ Hân',NULL,NULL,'https://thanhnien.vn//author/vu-han-1622.html',NULL,NULL,NULL,NULL,NULL),(4,'crawled_writer_4','giangphuongbtn@gmail.com',NULL,'Giang Phương',NULL,NULL,'https://thanhnien.vn//author/giang-phuong-63.html',NULL,NULL,NULL,NULL,NULL),(5,'crawled_writer_5','phamanhbqn@gmail.com',NULL,'Phạm Anh',NULL,NULL,'https://thanhnien.vn//author/pham-anh-516.html',NULL,NULL,NULL,NULL,NULL),(6,'crawled_writer_6','hoangsonbc@gmail.com',NULL,'Hoàng Sơn',NULL,NULL,'https://thanhnien.vn//author/hoang-son-90.html',NULL,NULL,NULL,NULL,NULL),(7,'crawled_writer_7','cuongbaochidhkh@gmail.com',NULL,'Mạnh Cường',NULL,NULL,'https://thanhnien.vn//author/manh-cuong-949.html',NULL,NULL,NULL,NULL,NULL),(8,'crawled_writer_8','tsonthanhnien@gmail.com',NULL,'Thái Sơn',NULL,NULL,'https://thanhnien.vn//author/thai-son-432.html',NULL,NULL,NULL,NULL,NULL),(9,'crawled_writer_9','phanthuongbaochi@gmail.com',NULL,'Phan Thương',NULL,NULL,'https://thanhnien.vn//author/phan-thuong-167.html',NULL,NULL,NULL,NULL,NULL),(10,'crawled_writer_10','khanhhoantn@gmail.com',NULL,'Khánh Hoan',NULL,NULL,'https://thanhnien.vn//author/khanh-hoan-53.html',NULL,NULL,NULL,NULL,NULL),(11,'crawled_writer_11','nguyenphuctn@gmail.com',NULL,'Nguyễn Phúc',NULL,NULL,'https://thanhnien.vn//author/nguyen-phuc-86.html',NULL,NULL,NULL,NULL,NULL),(12,'crawled_writer_12','bngocthanhnien@gmail.com',NULL,'Ngọc Lê',NULL,NULL,'https://thanhnien.vn//author/ngoc-le-42.html',NULL,NULL,NULL,NULL,NULL),(13,'crawled_writer_13','traclucrinbc@gmail.com',NULL,'Trác Rin',NULL,NULL,'https://thanhnien.vn//author/trac-rin-99.html',NULL,NULL,NULL,NULL,NULL),(14,'crawled_writer_14','lelambtn@gmail.com',NULL,'Lê Lâm',NULL,NULL,'https://thanhnien.vn//author/le-lam-69.html',NULL,NULL,NULL,NULL,NULL),(15,'crawled_writer_15','xuanphucbtn@gmail.com',NULL,'Xuân Phúc',NULL,NULL,'https://thanhnien.vn//author/xuan-phuc-1875.html',NULL,NULL,NULL,NULL,NULL),(16,'crawled_writer_16','nguyentu.thanhnien@gmail.com',NULL,'Nguyễn Tú',NULL,NULL,'https://thanhnien.vn//author/nguyen-tu-452.html',NULL,NULL,NULL,NULL,NULL),(17,'crawled_writer_17','baohanhonguyen255@gmail.com',NULL,'Hân Hồ',NULL,NULL,'https://thanhnien.vn//author/han-ho-7445.html',NULL,NULL,NULL,NULL,NULL),(18,'crawled_writer_18','phuongbinhnb@gmail.com',NULL,'Bắc Bình',NULL,NULL,'https://thanhnien.vn//author/bac-binh-1513.html',NULL,NULL,NULL,NULL,NULL),(19,'crawled_writer_19','nguyenduytinhbtn@gmail.com',NULL,'Duy Tính',NULL,NULL,'https://thanhnien.vn//author/duy-tinh-540.html',NULL,NULL,NULL,NULL,NULL),(20,'crawled_writer_20','nguyenvotien0209@gmail.com',NULL,'Võ Tiến',NULL,NULL,'https://thanhnien.vn//author/vo-tien-3080.html',NULL,NULL,NULL,NULL,NULL),(21,'crawled_writer_21','thuhangbtn@gmail.com',NULL,'Thu Hằng',NULL,NULL,'https://thanhnien.vn//author/thu-hang-286.html',NULL,NULL,NULL,NULL,NULL),(22,'crawled_writer_22','bichngantn2612@gmail.com',NULL,'Bích Ngân',NULL,NULL,'https://thanhnien.vn//author/bich-ngan-2768.html',NULL,NULL,NULL,NULL,NULL),(23,'crawled_writer_23','caodangnhatlinh@gmail.com',NULL,'Nhật Linh',NULL,NULL,'https://thanhnien.vn//author/nhat-linh-2482.html',NULL,NULL,NULL,NULL,NULL),(24,'crawled_writer_24','minhngoctn@gmail.com',NULL,'Ngọc An',NULL,NULL,'https://thanhnien.vn//author/ngoc-an-682.html',NULL,NULL,NULL,NULL,NULL),(25,'crawled_writer_25','quangvientn@gmail.com',NULL,'Quang Viên',NULL,NULL,'https://thanhnien.vn//author/quang-vien-336.html',NULL,NULL,NULL,NULL,NULL),(26,'crawled_writer_26','trantienbr233@gmail.com',NULL,'Trần Tiến',NULL,NULL,'https://thanhnien.vn//author/tran-tien-1412.html',NULL,NULL,NULL,NULL,NULL),(27,'crawled_writer_27','thanhhai2006@gmail.com',NULL,'Mai Thanh Hải',NULL,NULL,'https://thanhnien.vn//author/mai-thanh-hai-34.html',NULL,NULL,NULL,NULL,NULL),(28,'crawled_writer_28','quangnamtn@gmail.com',NULL,'Trương Quang Nam',NULL,NULL,'https://thanhnien.vn//author/truong-quang-nam-85.html',NULL,NULL,NULL,NULL,NULL),(29,'crawled_writer_29','nguyenthehoangtrong@gmail.com',NULL,'Hoàng Trọng',NULL,NULL,'https://thanhnien.vn//author/hoang-trong-39.html',NULL,NULL,NULL,NULL,NULL),(30,'crawled_writer_30','thinhbabel@gmail.com',NULL,'Nguyễn Thế Thịnh',NULL,NULL,'https://thanhnien.vn//author/nguyen-the-thinh-81.html',NULL,NULL,NULL,NULL,NULL),(31,'crawled_writer_31','minhhung@thanhniennews.com',NULL,'Khánh An',NULL,NULL,'https://thanhnien.vn//author/khanh-an-602.html',NULL,NULL,NULL,NULL,NULL),(32,'crawled_writer_32','truongvankhoa2001@yahoo.com',NULL,'Văn Khoa',NULL,NULL,'https://thanhnien.vn//author/van-khoa-74.html',NULL,NULL,NULL,NULL,NULL),(33,'crawled_writer_33','mainguyen92.ir@gmail.com',NULL,'Ngọc Mai',NULL,NULL,'https://thanhnien.vn//author/ngoc-mai-93.html',NULL,NULL,NULL,NULL,NULL),(34,'crawled_writer_34','bathuypham0820@gmail.com',NULL,'Phạm Bá Thủy',NULL,NULL,'https://thanhnien.vn//author/pham-ba-thuy-922.html',NULL,NULL,NULL,NULL,NULL),(35,'crawled_writer_35','vinhliv@gmail.com',NULL,'Bảo Vinh',NULL,NULL,'https://thanhnien.vn//author/bao-vinh-79.html',NULL,NULL,NULL,NULL,NULL),(36,'crawled_writer_36','ngovutb@gmail.com',NULL,'Anh Vũ',NULL,NULL,'https://thanhnien.vn//author/anh-vu-461.html',NULL,NULL,NULL,NULL,NULL),(37,'crawled_writer_37','hieub48@gmail.com',NULL,'Chí Hiếu',NULL,NULL,'https://thanhnien.vn//author/chi-hieu-538.html',NULL,NULL,NULL,NULL,NULL),(38,'crawled_writer_38','lequan225@gmail.com',NULL,'Lê Quân',NULL,NULL,'https://thanhnien.vn//author/le-quan-505.html',NULL,NULL,NULL,NULL,NULL),(39,'crawled_writer_39','xuanthanhnien@gmail.com',NULL,'Thanh Xuân',NULL,NULL,'https://thanhnien.vn//author/thanh-xuan-303.html',NULL,NULL,NULL,NULL,NULL),(40,'crawled_writer_40','maithu301@gmail.com',NULL,'Mai Hà',NULL,NULL,'https://thanhnien.vn//author/mai-ha-462.html',NULL,NULL,NULL,NULL,NULL),(41,'crawled_writer_41','ngngathanhnien@gmail.com',NULL,'Nguyên Nga',NULL,NULL,'https://thanhnien.vn//author/nguyen-nga-510.html',NULL,NULL,NULL,NULL,NULL),(42,'crawled_writer_42','buiduong@thanhnien.com.vn',NULL,'Mai Phương',NULL,NULL,'https://thanhnien.vn//author/mai-phuong-316.html',NULL,NULL,NULL,NULL,NULL),(43,'crawled_writer_43','thucnt@yahoo.com',NULL,'Thục Minh',NULL,NULL,'https://thanhnien.vn//author/thuc-minh-319.html',NULL,NULL,NULL,NULL,NULL),(44,'crawled_writer_44','tuyen77772000@gmail.com',NULL,'Đình Tuyển',NULL,NULL,'https://thanhnien.vn//author/dinh-tuyen-113.html',NULL,NULL,NULL,NULL,NULL),(45,'crawled_writer_45','ducthongpy@gmail.com',NULL,'Đức Huy',NULL,NULL,'https://thanhnien.vn//author/duc-huy-439.html',NULL,NULL,NULL,NULL,NULL),(46,'crawled_writer_46','builong74@gmail.com',NULL,'Bùi Ngọc Long',NULL,NULL,'https://thanhnien.vn//author/bui-ngoc-long-24.html',NULL,NULL,NULL,NULL,NULL),(47,'crawled_writer_47','dinhsonthanhnien@gmail.com',NULL,'Đình Sơn',NULL,NULL,'https://thanhnien.vn//author/dinh-son-483.html',NULL,NULL,NULL,NULL,NULL),(48,'crawled_writer_48','thuthuy@thanhniennews.com',NULL,'Thu Thúy',NULL,NULL,'https://thanhnien.vn//author/thu-thuy-333.html',NULL,NULL,NULL,NULL,NULL),(49,'crawled_writer_49','hoaphotottnn@gmail.com',NULL,'Khả Hòa',NULL,NULL,'https://thanhnien.vn//author/kha-hoa-357.html',NULL,NULL,NULL,NULL,NULL),(50,'crawled_writer_50','lethihonghanh6698@gmail.com',NULL,'Lê Hồng Hạnh',NULL,NULL,'https://thanhnien.vn//author/le-hong-hanh-2071.html',NULL,NULL,NULL,NULL,NULL),(51,'crawled_writer_51','biencam333@gmail.com',NULL,'Cao An Biên',NULL,NULL,'https://thanhnien.vn//author/cao-an-bien-3281.html',NULL,NULL,NULL,NULL,NULL),(52,'crawled_writer_52','thanhkhuong465@gmail.com',NULL,'Thanh Khương',NULL,NULL,'https://thanhnien.vn//author/thanh-khuong-3278.html',NULL,NULL,NULL,NULL,NULL),(53,'crawled_writer_53','huynhdinhphu@gmail.com',NULL,'Đình Phú',NULL,NULL,'https://thanhnien.vn//author/dinh-phu-129.html',NULL,NULL,NULL,NULL,NULL),(54,'crawled_writer_54','andylenguyen02942@gmail.com',NULL,'An Dy',NULL,NULL,'https://thanhnien.vn//author/an-dy-87.html',NULL,NULL,NULL,NULL,NULL),(55,'crawled_writer_55','thanhdongtn@gmail.com',NULL,'Thanh Đông',NULL,NULL,'https://thanhnien.vn//author/thanh-dong-107.html',NULL,NULL,NULL,NULL,NULL),(56,'crawled_writer_56','vuthothanhnien@gmail.com',NULL,'Vũ Thơ',NULL,NULL,'https://thanhnien.vn//author/vu-tho-283.html',NULL,NULL,NULL,NULL,NULL),(57,'crawled_writer_57','myquyentn@gmail.com',NULL,'Mỹ Quyên',NULL,NULL,'https://thanhnien.vn//author/my-quyen-108.html',NULL,NULL,NULL,NULL,NULL),(58,'crawled_writer_58','xuanducbc@gmail.com',NULL,'Phạm Đức',NULL,NULL,'https://thanhnien.vn//author/pham-duc-55.html',NULL,NULL,NULL,NULL,NULL),(59,'crawled_writer_59','lethanhbtn@gmail.com',NULL,'Lê Thanh',NULL,NULL,'https://thanhnien.vn//author/le-thanh-111.html',NULL,NULL,NULL,NULL,NULL),(60,'crawled_writer_60','dotuan67@gmail.com',NULL,'Đỗ Tuấn',NULL,NULL,'https://thanhnien.vn//author/do-tuan-318.html',NULL,NULL,NULL,NULL,NULL),(61,'crawled_writer_61','lecongsontn@gmail.com',NULL,'Lê Công Sơn',NULL,NULL,'https://thanhnien.vn//author/le-cong-son-104.html',NULL,NULL,NULL,NULL,NULL),(62,'crawled_writer_62','hoangkim62@gmail.com',NULL,'Hoàng Kim',NULL,NULL,'https://thanhnien.vn//author/hoang-kim-1014.html',NULL,NULL,NULL,NULL,NULL),(63,'crawled_writer_63','quyhientn@gmail.com',NULL,'Quý Hiên',NULL,NULL,'https://thanhnien.vn//author/quy-hien-609.html',NULL,NULL,NULL,NULL,NULL),(64,'crawled_writer_64','trinhthanhnien@gmail.com',NULL,'Trinh Nguyễn',NULL,NULL,'https://thanhnien.vn//author/trinh-nguyen-504.html',NULL,NULL,NULL,NULL,NULL),(65,'crawled_writer_65','ngohoanam@gmail.com',NULL,'Nam Hoa',NULL,NULL,'https://thanhnien.vn/javascript:void(0);',NULL,NULL,NULL,NULL,NULL),(66,'crawled_writer_66','vuongtrunghieu@gmail.com',NULL,'Vương Trung Hiếu',NULL,NULL,'https://thanhnien.vn//author/vuong-trung-hieu-3221.html',NULL,NULL,NULL,NULL,NULL),(67,'crawled_writer_67','nguyenquangdieubtv@gmail.com',NULL,'Nguyễn Quang Diệu',NULL,NULL,'https://thanhnien.vn//author/nguyen-quang-dieu-7600.html',NULL,NULL,NULL,NULL,NULL),(68,'crawled_writer_68','tuebinh@gmail.com',NULL,'Huệ Bình',NULL,NULL,'https://thanhnien.vn//author/hue-binh-2615.html',NULL,NULL,NULL,NULL,NULL),(69,'crawled_writer_69','sangdong0497@gmail.com',NULL,'Thế Sang',NULL,NULL,'https://thanhnien.vn//author/the-sang-1178.html',NULL,NULL,NULL,NULL,NULL),(70,'crawled_writer_70','kieubichhau@gmail.com',NULL,'Kiều Bích Hậu',NULL,NULL,'https://thanhnien.vn//author/kieu-bich-hau-3267.html',NULL,NULL,NULL,NULL,NULL),(71,'crawled_writer_71','phuonghoa1298@gmail.com',NULL,'Phương Phương',NULL,NULL,'https://thanhnien.vn//author/phuong-phuong-3136.html',NULL,NULL,NULL,NULL,NULL),(72,'crawled_writer_72','lenam2304@gmail.com',NULL,'Lê Nam',NULL,NULL,'https://thanhnien.vn//author/le-nam-190.html',NULL,NULL,NULL,NULL,NULL),(73,'crawled_writer_73','nguyenthuyhang840@gmail.com',NULL,'Thúy Hằng',NULL,NULL,'https://thanhnien.vn//author/thuy-hang-98.html',NULL,NULL,NULL,NULL,NULL),(74,'crawled_writer_74','thuthuytnts@gmail.com',NULL,'Thu Thủy',NULL,NULL,'https://thanhnien.vn//author/thu-thuy-403.html',NULL,NULL,NULL,NULL,NULL),(75,'crawled_writer_75','phamhauhuu@gmail.com',NULL,'Phạm Hữu',NULL,NULL,'https://thanhnien.vn//author/pham-huu-77.html',NULL,NULL,NULL,NULL,NULL),(76,'crawled_writer_76','nguyenvandien150199@gmail.com',NULL,'Nguyễn Điền',NULL,NULL,'https://thanhnien.vn//author/nguyen-dien-3134.html',NULL,NULL,NULL,NULL,NULL),(77,'crawled_writer_77','chiennguyenvq@gmail.com',NULL,'An Chiên',NULL,NULL,'https://thanhnien.vn//author/an-chien-3285.html',NULL,NULL,NULL,NULL,NULL),(78,'crawled_writer_78','duongthaiduyhg@gmail.com',NULL,'Thái Duy',NULL,NULL,'https://thanhnien.vn//author/thai-duy-3130.html',NULL,NULL,NULL,NULL,NULL),(79,'crawled_writer_79','thiensinhgia@gmail.com',NULL,'Đăng Nguyên',NULL,NULL,'https://thanhnien.vn//author/dang-nguyen-115.html',NULL,NULL,NULL,NULL,NULL),(80,'crawled_writer_80','bichthanhbtn@gmail.com',NULL,'Bích Thanh',NULL,NULL,'https://thanhnien.vn//author/bich-thanh-105.html',NULL,NULL,NULL,NULL,NULL),(81,'crawled_writer_81','nguyenloan980@gmail.com',NULL,'Nguyễn Loan',NULL,NULL,'https://thanhnien.vn//author/nguyen-loan-2804.html',NULL,NULL,NULL,NULL,NULL),(82,'crawled_writer_82','haanh84@gmail.com',NULL,'Hà Ánh',NULL,NULL,'https://thanhnien.vn//author/ha-anh-109.html',NULL,NULL,NULL,NULL,NULL),(83,'crawled_writer_83','lamngocquybc@gmail.com',NULL,'Ngọc Quý',NULL,NULL,'https://thanhnien.vn//author/ngoc-quy-132.html',NULL,NULL,NULL,NULL,NULL),(84,'crawled_writer_84','thienlan70@gmail.com',NULL,'Thiên Lan',NULL,NULL,'https://thanhnien.vn//author/thien-lan-2157.html',NULL,NULL,NULL,NULL,NULL),(85,'crawled_writer_85','lienchautn@gmail.com',NULL,'Liên Châu',NULL,NULL,'https://thanhnien.vn//author/lien-chau-282.html',NULL,NULL,NULL,NULL,NULL),(86,'crawled_writer_86','minhkhue2307@gmail.com',NULL,'Khuê Nguyễn',NULL,NULL,'https://thanhnien.vn//author/khue-nguyen-3011.html',NULL,NULL,NULL,NULL,NULL),(87,'crawled_writer_87','kmtrang.bctt@gmail.com',NULL,'Trà Linh',NULL,NULL,'https://thanhnien.vn//author/tra-linh-2677.html',NULL,NULL,NULL,NULL,NULL),(88,'crawled_writer_88','nguyenlongbaotn@gmail.com',NULL,'Nguyễn Long',NULL,NULL,'https://thanhnien.vn//author/nguyen-long-80.html',NULL,NULL,NULL,NULL,NULL),(89,'crawled_writer_89','nguyenchungntn@gmail.com ',NULL,'Nguyễn Chung',NULL,NULL,'https://thanhnien.vn//author/nguyen-chung-27.html',NULL,NULL,NULL,NULL,NULL),(90,'crawled_writer_90','quanbaochi997@gmail.com',NULL,'Thanh Quân',NULL,NULL,'https://thanhnien.vn//author/thanh-quan-4052.html',NULL,NULL,NULL,NULL,NULL),(91,'crawled_writer_91','thanhluan34@gmail.com',NULL,'Thành Luân',NULL,NULL,'https://thanhnien.vn//author/thanh-luan-47.html',NULL,NULL,NULL,NULL,NULL),(92,'crawled_writer_92','xuanducbtn@gmail.com',NULL,'Đức Nguyễn',NULL,NULL,'https://thanhnien.vn//author/duc-nguyen-511.html',NULL,NULL,NULL,NULL,NULL);
/*!40000 ALTER TABLE `users` ENABLE KEYS */;
UNLOCK TABLES;

--
-- Table structure for table `writer`
--

DROP TABLE IF EXISTS `writer`;
/*!40101 SET @saved_cs_client     = @@character_set_client */;
/*!50503 SET character_set_client = utf8mb4 */;
CREATE TABLE `writer` (
  `writer_id` int NOT NULL AUTO_INCREMENT,
  `user_id` int NOT NULL,
  `nick_name` varchar(100) DEFAULT NULL,
  PRIMARY KEY (`writer_id`),
  KEY `user_id` (`user_id`),
  CONSTRAINT `writer_ibfk_1` FOREIGN KEY (`user_id`) REFERENCES `users` (`user_id`)
) ENGINE=InnoDB AUTO_INCREMENT=93 DEFAULT CHARSET=utf8mb4 COLLATE=utf8mb4_0900_ai_ci;
/*!40101 SET character_set_client = @saved_cs_client */;

--
-- Dumping data for table `writer`
--

LOCK TABLES `writer` WRITE;
/*!40000 ALTER TABLE `writer` DISABLE KEYS */;
INSERT INTO `writer` VALUES (1,1,'Lê Hiệp'),(2,2,'Phạm Thu Ngân'),(3,3,'Vũ Hân'),(4,4,'Giang Phương'),(5,5,'Phạm Anh'),(6,6,'Hoàng Sơn'),(7,7,'Mạnh Cường'),(8,8,'Thái Sơn'),(9,9,'Phan Thương'),(10,10,'Khánh Hoan'),(11,11,'Nguyễn Phúc'),(12,12,'Ngọc Lê'),(13,13,'Trác Rin'),(14,14,'Lê Lâm'),(15,15,'Xuân Phúc'),(16,16,'Nguyễn Tú'),(17,17,'Hân Hồ'),(18,18,'Bắc Bình'),(19,19,'Duy Tính'),(20,20,'Võ Tiến'),(21,21,'Thu Hằng'),(22,22,'Bích Ngân'),(23,23,'Nhật Linh'),(24,24,'Ngọc An                        '),(25,25,'Quang Viên'),(26,26,'Trần Tiến'),(27,27,'Mai Thanh Hải'),(28,28,'Trương Quang Nam'),(29,29,'Hoàng Trọng'),(30,30,'Nguyễn Thế Thịnh'),(31,31,'Khánh An'),(32,32,'Văn Khoa'),(33,33,'Ngọc Mai'),(34,34,'Phạm Bá Thủy'),(35,35,'Bảo Vinh'),(36,36,'Anh Vũ'),(37,37,'Chí Hiếu '),(38,38,'Lê Quân'),(39,39,'Thanh Xuân'),(40,40,'Mai Hà'),(41,41,'Nguyên Nga'),(42,42,'Mai Phương'),(43,43,'Thục Minh'),(44,44,'Đình Tuyển'),(45,45,'Đức Huy'),(46,46,'Bùi Ngọc Long'),(47,47,'Đình Sơn'),(48,48,'Thu Thúy'),(49,49,'Khả Hòa'),(50,50,'Lê Hồng Hạnh'),(51,51,'Cao An Biên '),(52,52,'Thanh Khương'),(53,53,'Đình Phú'),(54,54,'An Dy'),(55,55,'Thanh Đông'),(56,56,'Vũ Thơ'),(57,57,'Mỹ Quyên'),(58,58,'Phạm Đức'),(59,59,'Lê Thanh'),(60,60,'Đỗ Tuấn'),(61,61,'Lê Công Sơn'),(62,62,'Hoàng Kim'),(63,63,'Quý Hiên'),(64,64,'Trinh Nguyễn'),(65,65,'Nam Hoa'),(66,66,'Vương Trung Hiếu'),(67,67,'Nguyễn Quang Diệu'),(68,68,'Huệ Bình'),(69,69,'Thế Sang'),(70,70,'Kiều Bích Hậu'),(71,71,'Phương Phương'),(72,72,'Lê Nam'),(73,73,'Thúy Hằng'),(74,74,'Thu Thủy'),(75,75,'Phạm Hữu'),(76,76,'Nguyễn Điền'),(77,77,'An Chiên'),(78,78,'Thái Duy'),(79,79,'Đăng Nguyên'),(80,80,'Bích Thanh'),(81,81,'Nguyễn Loan'),(82,82,'Hà Ánh'),(83,83,'Ngọc Quý'),(84,84,'Thiên Lan'),(85,85,'Liên Châu'),(86,86,'Khuê Nguyễn'),(87,87,'Trà Linh'),(88,88,'Nguyễn Long'),(89,89,'Nguyễn Chung'),(90,90,'Thanh Quân'),(91,91,'Thành Luân'),(92,92,'Đức Nguyễn');
/*!40000 ALTER TABLE `writer` ENABLE KEYS */;
UNLOCK TABLES;
/*!40103 SET TIME_ZONE=@OLD_TIME_ZONE */;

/*!40101 SET SQL_MODE=@OLD_SQL_MODE */;
/*!40014 SET FOREIGN_KEY_CHECKS=@OLD_FOREIGN_KEY_CHECKS */;
/*!40014 SET UNIQUE_CHECKS=@OLD_UNIQUE_CHECKS */;
/*!40101 SET CHARACTER_SET_CLIENT=@OLD_CHARACTER_SET_CLIENT */;
/*!40101 SET CHARACTER_SET_RESULTS=@OLD_CHARACTER_SET_RESULTS */;
/*!40101 SET COLLATION_CONNECTION=@OLD_COLLATION_CONNECTION */;
/*!40111 SET SQL_NOTES=@OLD_SQL_NOTES */;

-- Dump completed on 2021-06-20 22:14:23
